first_name,gender_raw,gender_corrected
Zhai,unknown,feminine
Nene,unknown,feminine
Mally,unknown,feminine
Rechelle,unknown,feminine
Gen,andy,feminine
Love,masculine,feminine
Rinbel,unknown,feminine
Rutchel,unknown,feminine
Emz,unknown,feminine
Sitti,unknown,feminine
Yhadz,unknown,feminine
Indhay,unknown,feminine
Emms,unknown,feminine
Vhev,unknown,feminine
Babyjane,unknown,feminine
Desiel,unknown,feminine
Marites,unknown,feminine
WengJane,unknown,feminine
Habibi,unknown,feminine
Ledimarz,unknown,feminine
Mhiss,unknown,feminine
Rish-Ai,unknown,feminine
Nenet,unknown,feminine
Yhang,unknown,feminine
Aryanne,unknown,feminine
Lhor,unknown,feminine
Donde,unknown,masculine
Jhoy,unknown,feminine
Rizamor,unknown,feminine
Maryjean,unknown,feminine
Joeshep,unknown,masculine
Airam,unknown,feminine
Mhy,unknown,feminine
Ritchell,unknown,feminine
Joryl,unknown,feminine
Mercy,unknown,feminine
Marife,unknown,feminine
Juvy,unknown,feminine
Trixy,unknown,feminine
Meng,andy,feminine
Tilleth,unknown,feminine
Reneg,unknown,masculine
Marey,unknown,feminine
Geirene,unknown,feminine
Rhodalee,unknown,feminine
Lilet,unknown,feminine
Charito,unknown,feminine
Jefrey,unknown,masculine
Whennamhel,unknown,feminine
Bernil,unknown,masculine
Rodel,unknown,masculine
Yoj,unknown,masculine
Caro,unknown,feminine
Glomar,unknown,feminine
Arejhay,unknown,masculine
Neshel,unknown,feminine
Jhun,unknown,masculine
Khim,unknown,feminine
Rossell,unknown,masculine
Zianne,unknown,feminine
Lhen,unknown,feminine
Ching,andy,feminine
Darelle,unknown,feminine
Marky,unknown,masculine
Myredith,unknown,feminine
Z√¥√´,unknown,feminine
Vonn,unknown,masculine
Rizz,unknown,feminine
Ishel,unknown,feminine
Mafi,unknown,feminine
Xhydel,unknown,feminine
Yram,unknown,feminine
Kryzel,unknown,feminine
Erine,unknown,feminine
Mhine,unknown,feminine
Eidelveis,unknown,feminine
Ruel,unknown,masculine
Nor-Jehad,unknown,masculine
Meann,unknown,feminine
Erdel,unknown,masculine
Rozel,unknown,feminine
Bench,unknown,masculine
JennyLee,unknown,feminine
Jhane,unknown,feminine
Maricar,unknown,feminine
Arnel,unknown,masculine
Jovy,unknown,androgynous
Siejo,unknown,masculine
Markun,unknown,masculine
Bran,unknown,masculine
Merygen,unknown,feminine
Haelen,unknown,feminine
Eveth,unknown,feminine
Mishael,unknown,androgynous
Bebzz,unknown,feminine
Lonmar,unknown,androgynous
Loyyl,unknown,feminine
Lier,unknown,feminine
Aneeline,unknown,feminine
Nanneth,unknown,feminine
Iyvon,unknown,feminine
Mean,unknown,feminine
Austinio,unknown,masculine
Leng,unknown,feminine
Drose,unknown,feminine
Baby,unknown,feminine
Matet,unknown,feminine
Lolito,unknown,masculine
Nikoto,unknown,masculine
Ging,unknown,feminine
Clodel,unknown,feminine
Rusty,andy,masculine
Charry,unknown,feminine
Jerlen,unknown,feminine
Thinz,unknown,feminine
Nalz,unknown,feminine
Leleth,unknown,feminine
Julin,unknown,feminine
Jennife,unknown,feminine
Chard,unknown,masculine
Betchay,unknown,feminine
Gerose,unknown,feminine
Agness,unknown,feminine
Janizel,unknown,feminine
Raydon,unknown,masculine
Jerson,unknown,masculine
Weng,unknown,feminine
Jhoree,unknown,feminine
Jing-Jing,unknown,feminine
Kiahtrix,unknown,feminine
Nehneh,unknown,feminine
Jickny,unknown,feminine
Francy,unknown,feminine
Aleth,unknown,feminine
Dhang,unknown,feminine
Scarlet,unknown,feminine
Mharianfaith,unknown,feminine
Bong,andy,masculine
Ladystone,unknown,feminine
Dyesabel,unknown,feminine
Dyane-Lu,unknown,feminine
Maryshanell,unknown,feminine
Jaq,unknown,feminine
Belen,unknown,feminine
Visitacion,unknown,feminine
Lhelly,unknown,feminine
Zenny,unknown,feminine
ANALY,unknown,feminine
Markdharil,unknown,masculine
Jouanne,unknown,feminine
MarieRose,unknown,feminine
Jessel,unknown,feminine
Ritz,unknown,feminine
Flordeliz,unknown,feminine
Meridy,unknown,feminine
Unice,unknown,feminine
Rilcel,unknown,feminine
Ghels,unknown,feminine
RoseConcepcion,unknown,feminine
Jiji,unknown,feminine
Mitus,unknown,masculine
Antoneth,unknown,feminine
Ni√±o,unknown,masculine
Gemmar,unknown,androgynous
Rochell,unknown,feminine
Rosiel,unknown,feminine
Joveniel,unknown,androgynous
Balmond,unknown,masculine
LorBhebs,unknown,feminine
Chit,unknown,feminine
Jhekgrace,unknown,feminine
Acel,unknown,androgynous
Jomil,unknown,masculine
Anrym,unknown,androgynous
Quitos,unknown,masculine
She,unknown,feminine
Jurney,unknown,androgynous
Chadlee,unknown,masculine
Nore,unknown,feminine
Milette,unknown,feminine
Floravel,unknown,feminine
Jingky,unknown,feminine
Ty-let,unknown,feminine
Marlhon,unknown,masculine
Barcelon,unknown,masculine
Dice,unknown,androgynous
Cristobal,unknown,masculine
Amier,unknown,mostly_masculine
Let-Let,unknown,feminine
Jamon,unknown,feminine
Valen,unknown,feminine
Littfe,unknown,feminine
Rishiel,unknown,feminine
Mhark,unknown,masculine
Jennefer,unknown,feminine
Ellehcim,unknown,feminine
Nash,unknown,masculine
Eling,unknown,feminine
Evee,unknown,feminine
Alforte,unknown,masculine
Glennz,unknown,masculine
Mrose,unknown,feminine
Cheers,unknown,androgynous
Nelzon,unknown,masculine
Cris-ann,unknown,feminine
Mwheng,unknown,feminine
Rissyle,unknown,feminine
Gencamjade,unknown,feminine
Cle,unknown,feminine
Rhen,unknown,androgynous
Jaybenron,unknown,masculine
Rey,unknown,masculine
Hannas,unknown,feminine
Salvan,unknown,masculine
Retty,unknown,masculine
Marichu,unknown,masculine
Grandy,unknown,mostly_feminine
Rean,unknown,mostly_feminine
Zychelle,unknown,feminine
Relme,unknown,feminine
Acissej,unknown,feminine
Merly,unknown,feminine
Ammeg,unknown,feminine
Vhenus,unknown,mostly_feminine
Mecy,unknown,feminine
Annaoj,unknown,feminine
Arlet,unknown,feminine
Deme,unknown,mostly_feminine
Nnae,unknown,mostly_feminine
Sherly,unknown,feminine
Acob,unknown,masculine
Jocylene,unknown,feminine
Jennylands,unknown,feminine
Glance,unknown,feminine
Sutram,unknown,masculine
Ace,unknown,mostly_masculine
Bebing,unknown,mostly_feminine
Dhen,unknown,mostly_feminine
Pablito,unknown,masculine
Lowen,unknown,androgynous
Summerjeordyn,unknown,feminine
Jhenlehk,unknown,mostly_feminine
Chell,unknown,mostly_feminine
Rosas,unknown,feminine
Leciram,unknown,mostly_feminine
Golden,unknown,mostly_feminine
Dhang,unknown,mostly_feminine
Anelliv,unknown,mostly_feminine
Harvee,unknown,mostly_masculine
Shony,unknown,masculine
Terz,unknown,mostly_feminine
Venice,unknown,feminine
Missly,unknown,feminine
Aliehs,unknown,feminine
Nosaj,unknown,masculine
Modeline,unknown,feminine
Moodylady,unknown,feminine
July,unknown,androgynous
Myrachel,unknown,feminine
Monnette,unknown,feminine
Miss,unknown,feminine
Aristotle,unknown,masculine
Nhel,unknown,androgynous
Cherill,unknown,feminine
Clarenz,unknown,masculine
Lesty,unknown,androgynous
Liezl,unknown,feminine
Adoracion,unknown,feminine
Monge,unknown,feminine
Marivic,unknown,feminine
Shamdy,unknown,feminine
Arnann,unknown,masculine
Yang,andy,feminine
Cel,unknown,androgynous
Thess,unknown,feminine
Juvyrose,unknown,feminine
Floribel,unknown,feminine
Zhinjean,unknown,feminine
Lenriz,unknown,feminine
Mhaey,unknown,feminine
Atieram,unknown,feminine
Shirly,unknown,feminine
Shermahal,unknown,feminine
Megchloe,unknown,feminine
Eiron,unknown,masculine
Xyrich,unknown,feminine
Ehmmily,unknown,feminine
Anitaflor,unknown,feminine
Dedith,unknown,feminine
Anelin,unknown,feminine
Jerryboy,unknown,masculine
Mylene,unknown,feminine
Benitojr,unknown,masculine
Prosperity,unknown,mostly_feminine
Joddan,unknown,mostly_masculine
Kimmy,unknown,mostly_feminine
Maryjoy,unknown,feminine
Inday,unknown,feminine
Aries,unknown,masculine
Ellise,unknown,feminine
Lornacel,unknown,feminine
Marievic,unknown,feminine
Leizel,unknown,feminine
Mechell,unknown,feminine
Levy,unknown,androgynous
Bheth,unknown,feminine
Madhel,unknown,feminine
Imee,unknown,feminine
Ramosraul,unknown,masculine
Datu,unknown,masculine
Chinarose,unknown,feminine
HeartJoy,unknown,feminine
Cess,unknown,feminine
Anrhym,unknown,feminine
Raff,unknown,masculine
Tinai,unknown,feminine
Lyragrace,unknown,feminine
Jeneth,unknown,feminine
Ness,unknown,feminine
Trin,unknown,feminine
Charcole,unknown,feminine
Marfel,unknown,feminine
Donnabelle,unknown,feminine
Dely,unknown,feminine
Joylenn,unknown,feminine
Ulyssis,unknown,masculine
Dio,unknown,masculine
Joevince,unknown,masculine
Drachel,unknown,feminine
Crisanto,unknown,masculine
Dindo,unknown,masculine
Nellen,unknown,feminine
Winderose,unknown,feminine
Evangiline,unknown,feminine
Epitacio,unknown,masculine
Bhabes,unknown,feminine
Bangs,unknown,feminine
Leiranielle,unknown,feminine
Thursday,unknown,mostly_feminine
Guendy,unknown,feminine
Snooky,unknown,feminine
Jemwell,unknown,masculine
Artsy,unknown,feminine
Chenette,unknown,feminine
Cristniejoy,unknown,feminine
Merfe,unknown,feminine
Pearly,unknown,feminine
Daffodile,unknown,feminine
Nhoy,unknown,mostly_masculine
Rom,unknown,mostly_masculine
Precy,unknown,feminine
Khate,unknown,feminine
Maxe,unknown,feminine
Geny,unknown,feminine
Charivic,unknown,feminine
Mhyraflor,unknown,feminine
Berly,unknown,feminine
Gheraldhine,unknown,feminine
Annmaureen,unknown,feminine
Faithgiven,unknown,feminine
Fritziejill,unknown,feminine
Lorienne,unknown,feminine
Ronualdo,unknown,masculine
Marian,masculine,feminine
Mer,unknown,mostly_feminine
Rhenz,unknown,masculine
Elgen,unknown,mostly_masculine
Aldovino,unknown,masculine
Corsino,unknown,masculine
Seann,unknown,feminine
Maritess,unknown,feminine
Ranlei,unknown,feminine
Marichelle,unknown,feminine
Sapphire,unknown,feminine
Rosario,masculine,feminine
Brod,unknown,masculine
Jenard,unknown,masculine
Jingjing,unknown,feminine
Bele,unknown,feminine
Zhy,unknown,feminine
Bro,unknown,masculine
Elineto,unknown,masculine
Zandro,unknown,masculine
Manuelito,unknown,masculine
Willmin,unknown,mostly_masculine
Marick,unknown,mostly_masculine
Perto,unknown,mostly_masculine
Lovely,unknown,feminine
Jiny,unknown,feminine
Loriefe,unknown,feminine
Apple,unknown,mostly_feminine
Jenjen,unknown,feminine
Aliline,unknown,feminine
Vivencio,unknown,masculine
Yolly,unknown,feminine
Tatay,unknown,masculine
Jamito,unknown,masculine
Mheexelle,unknown,feminine
Thisay,unknown,feminine
Jo-ann,unknown,feminine
Dondon,unknown,masculine
Jomer,unknown,mostly_masculine
Mhai,unknown,feminine
Ryene,unknown,feminine
Jarmalin,unknown,feminine
Nanay,unknown,feminine
RoseMaricel,unknown,feminine
Jay-ar,unknown,mostly_masculine
Neneth,unknown,feminine
Heart,unknown,feminine
Darling,unknown,feminine
Derly,unknown,feminine
Cherryl,unknown,feminine
Hazelle,unknown,feminine
Mak-Mak,unknown,masculine
Ramel,unknown,androgynous
Mirasol,unknown,feminine
Sev,unknown,masculine
Felove,unknown,feminine
Iane,unknown,feminine
Abrahan,unknown,masculine
Montano,unknown,masculine
LeneArljane,unknown,feminine
Geneveve,unknown,feminine
Hiyas,unknown,feminine
Pepay,unknown,feminine
Jheny,unknown,feminine
N√Økk√Ø,unknown,feminine
Chriz,unknown,masculine
Elvanny,unknown,feminine
Boknay,unknown,feminine
Reynwhards,unknown,masculine
Carlito,unknown,masculine
SheLhynn,unknown,feminine
Riceneth,unknown,feminine
Chriselle,unknown,feminine
Celine,unknown,feminine
Ziane,unknown,feminine
Numeriano,unknown,masculine
Rolanjane,unknown,feminine
Mariaconcepcion,unknown,feminine
Catcat,unknown,feminine
Retchel,unknown,masculine
Marj,unknown,feminine
Rosaly,unknown,feminine
Jupiter,unknown,mostly_masculine
Jhovmil,unknown,mostly_masculine
Yhengz,unknown,feminine
Aguire,unknown,masculine
Louremiel,unknown,feminine
Cielo,unknown,androgynous
Dapney,unknown,feminine
Hyerin,unknown,feminine
Julbert,unknown,masculine
Cardo,unknown,masculine
Mely,unknown,feminine
Leony,unknown,feminine
Jojean,unknown,feminine
Castor,unknown,masculine
Materese,unknown,feminine
Marianito,unknown,masculine
Gesor,unknown,mostly_masculine
Aquamarine,unknown,mostly_feminine
Seanluis,unknown,masculine
Salve,unknown,feminine
Jojo,unknown,masculine
Isay,unknown,feminine
Rodette,unknown,feminine
Roldan,unknown,masculine
Jcmack,unknown,masculine
Lordwill,unknown,masculine
Jonthan,unknown,masculine
Arriane,unknown,feminine
Ryck,unknown,masculine
Fely,unknown,feminine
Enelym,unknown,feminine
Cio,unknown,masculine
Isco,unknown,masculine
Jhoann,unknown,feminine
Rocel,unknown,mostly_masculine
Bertchan,unknown,masculine
Khell,unknown,mostly_masculine
Edizer,unknown,masculine
Bricks,unknown,mostly_masculine
Ytteb,unknown,feminine
Chelle,unknown,feminine
Marisse,unknown,feminine
Madriz,unknown,feminine
Naoj,unknown,feminine
Zang,unknown,feminine
Ronabelle,unknown,feminine
Julies,unknown,feminine
Shierly,unknown,feminine
Lovelylen,unknown,feminine
Wheeng,unknown,feminine
Char,unknown,feminine
Juvi,unknown,feminine
Cyling,unknown,feminine
Fhem,unknown,feminine
Feme,unknown,feminine
KitKat,unknown,feminine
Adones,unknown,masculine
Moonstar,unknown,androgynous
Loren's,unknown,feminine
Cheche,unknown,feminine
Bhaby,unknown,feminine
Zosimo,unknown,masculine
Mency,unknown,mostly_feminine
Rhoze,unknown,feminine
Dano,unknown,masculine
Rodallyh,unknown,feminine
Yam,unknown,androgynous
Shine,unknown,feminine
Junjun,unknown,masculine
Assiram,unknown,feminine
Mhau,unknown,feminine
Ardnew,unknown,masculine
Queencess,unknown,feminine
Kharen,unknown,feminine
Cherli,unknown,feminine
Celesty,unknown,feminine
Rhellvan,unknown,masculine
Mafe,unknown,feminine
Romoron,unknown,masculine
Neto,unknown,masculine
Rhychelle,unknown,feminine
Lovelyrose,unknown,feminine
Lezil,unknown,feminine
Ayeen,unknown,feminine
Beatrize,unknown,feminine
Ailene,unknown,feminine
Nhildz,unknown,feminine
Roseny,unknown,feminine
Dith,unknown,feminine
Jieann,unknown,feminine
Gielex,unknown,feminine
Refinnej,unknown,feminine
Aljun,unknown,masculine
Nald,unknown,masculine
Lanz,unknown,masculine
Zarahirose,unknown,feminine
Ryco,unknown,masculine
Jethron,unknown,masculine
Vergel,unknown,masculine
Jesivel,unknown,feminine
Mancio,unknown,masculine
Floretes,unknown,feminine
Rhaian,unknown,mostly_masculine
Marichu,unknown,feminine
Jeoveline,unknown,feminine
Afirahs,unknown,feminine
Shanel,unknown,feminine
Madam√´,unknown,feminine
Mherl,unknown,feminine
Zul,unknown,mostly_masculine
Lenbronjohriel,unknown,masculine
Kerk,unknown,masculine
Toto,unknown,masculine
Reil,unknown,masculine
Roylan,unknown,masculine
Felbert,unknown,masculine
Rhey,unknown,masculine
Scarletteleizl,unknown,feminine
Jhasmin,unknown,feminine
Monay,unknown,feminine
Zarene,unknown,feminine
Marichue,unknown,feminine
Igmedio,unknown,masculine
Zosette,unknown,feminine
Lhyne,unknown,feminine
Fersaline,unknown,feminine
Jumell,unknown,masculine
Jomar,unknown,masculine
Boyet,unknown,masculine
Evilo,unknown,masculine
Asiren,unknown,feminine
Celai,unknown,feminine
Maimai,unknown,feminine
Milrose,unknown,feminine
Eliz,unknown,feminine
Socs,unknown,androgynous
Stephy,unknown,feminine
Esor,unknown,feminine
Harvee,unknown,masculine
Mafel,unknown,feminine
Dann,unknown,masculine
Jay-r,unknown,mostly_masculine
Lalaine,unknown,feminine
Evans,unknown,masculine
Ranico,unknown,masculine
Heartdimgirl,unknown,feminine
Jhammy,unknown,androgynous
Khyler,unknown,masculine
Star,unknown,mostly_feminine
Twinkle,unknown,feminine
Nymar,unknown,mostly_masculine
Khent,unknown,masculine
Geraldyn,unknown,feminine
Gracey,unknown,feminine
Lani,unknown,feminine
Arvey,unknown,masculine
ReJoice,unknown,feminine
Jenyss,unknown,feminine
Vino,unknown,masculine
Dayang,unknown,feminine
Cymark,unknown,masculine
Aquarius,unknown,androgynous
Chirposther,unknown,masculine
Lacsinto,unknown,masculine
AnGelli,unknown,feminine
Rozhet,unknown,feminine
Almert,unknown,masculine
Karylle,unknown,feminine
Gemini,unknown,androgynous
Dominador,unknown,masculine
Mharyam,unknown,feminine
Rendon,unknown,masculine
Jaylord,unknown,masculine
Jovencio,unknown,masculine
Bon,andy,mostly_masculine
Princes,unknown,feminine
Erickson,unknown,masculine
Johnclyde,unknown,masculine
Lito,unknown,masculine
Cherrydine,unknown,feminine
Edelwardo,unknown,masculine
Hlen,unknown,feminine
Pemsprinces,unknown,feminine
Nhene,unknown,feminine
Lenlen,unknown,feminine
Raymark,unknown,masculine
Rommel,unknown,masculine
Resty,unknown,masculine
Revilo,unknown,masculine
Vonvon,unknown,masculine
Shaine,unknown,feminine
Sweet,unknown,feminine
Agosto,unknown,masculine
Ulysis,unknown,masculine
Eineeuq,unknown,feminine
Isagani,unknown,masculine
Lhette,unknown,feminine
Lolit,unknown,feminine
Anchor,unknown,androgynous
Lhynn,unknown,feminine
Kylierose,unknown,feminine
Aubreycheryl,unknown,feminine
Jhing-jhing,unknown,feminine
Jorg√®,unknown,masculine
Glorybell,unknown,feminine
Bernadeth,unknown,feminine
Gabrielalex,unknown,feminine
Loridel,unknown,feminine
RonyAng,unknown,masculine
Joylen,unknown,feminine
Denz,unknown,mostly_masculine
Ramyrolf,unknown,masculine
Elenar,unknown,feminine
Glydine,unknown,feminine
Lhevz,unknown,feminine
Larnhiel,unknown,feminine
Willmin,unknown,masculine
Ladysepth,unknown,feminine
Jomer,unknown,masculine
Jhayson,unknown,masculine
Aldrin,unknown,masculine
Jhacky,unknown,feminine
Mommy,unknown,feminine
Setiram,unknown,feminine
Mohnette,unknown,feminine
Julito,unknown,masculine
Jhenny,unknown,feminine
Honeyglyze,unknown,feminine
Xian,andy,masculine
Laarni,unknown,feminine
Bryelle,unknown,feminine
Maryliez,unknown,feminine
Lhyn,unknown,feminine
Dranielle,unknown,feminine
Aling,unknown,feminine
Abegayle,unknown,feminine
Ejay,unknown,masculine
Katkat,unknown,feminine
Shalee,unknown,feminine
Roniber,unknown,masculine
Marianel,unknown,feminine
AlletzChlaire,unknown,feminine
Laine-jhoy,unknown,feminine
Psalm,unknown,feminine
Angelito,unknown,masculine
Marielo,unknown,masculine
Aubrienne,unknown,feminine
Jhonrafael,unknown,masculine
Teloy,unknown,masculine
Chiere,unknown,feminine
Crisjhovenette,unknown,feminine
Marygrace,unknown,feminine
Jhoel,unknown,masculine
Gerome,unknown,masculine
Zeny,unknown,feminine
Divine,unknown,feminine
Ysbelle,unknown,feminine
Richelaine,unknown,feminine
Reyjun,unknown,masculine
Leonivel,unknown,feminine
Kathyrin,unknown,feminine
Violy,unknown,feminine
Isang,unknown,feminine
Reachele,unknown,feminine
Jenniffer,unknown,feminine
Mathy,unknown,masculine
Jjanine,unknown,feminine
Intan,unknown,feminine
Marjohn,unknown,masculine
Salramvic,unknown,masculine
Dhaniane,unknown,feminine
Rosheal,unknown,feminine
Genaflor,unknown,feminine
Jessabel,unknown,feminine
Rustom,unknown,masculine
Winchelle,unknown,feminine
Rosell,unknown,masculine
Athan,unknown,masculine
Jestony,unknown,masculine
Lebiram,unknown,feminine
Wudenise,unknown,feminine
Desimel,unknown,feminine
Mheann,unknown,feminine
Mafhe,unknown,feminine
Yoly,unknown,feminine
Remrose,unknown,feminine
Jhune,unknown,mostly_masculine
Melai,unknown,feminine
Bornok,unknown,masculine
Leovino,unknown,masculine
Aubrey,andy,feminine
Jinky,unknown,feminine
Rubhy,unknown,feminine
Salvacion,unknown,feminine
Juneil,unknown,masculine
Rhadzmil,unknown,masculine
Analine,unknown,feminine
Almarose,unknown,feminine
Pinky,unknown,feminine
Makoy,unknown,masculine
Nhicks,unknown,feminine
Cjhay-lance,unknown,masculine
Denverjoy,unknown,feminine
Rodelio,unknown,masculine
Jeleveth,unknown,feminine
Jaycelene,unknown,feminine
Sharmaine,unknown,feminine
Rijane,unknown,feminine
Isbo,unknown,masculine
Franshane,unknown,feminine
Sam,mostly_masculine,androgynous