Post,Risky?
"Urgent!!!!!!
We’re looking for 2 caregiver stay in (F/M)
Sa Clovis California (Fresno) Stay in
Pls message us on 👇
Aldrin Travelbuzz
Asap po Sana kung sinu may alam
Umalis kx biglaan yun 2 caregiver because
of family emergency
#filipina #filipino #pinoy
#ThankYouLord #foryoupage #fyp #viral #trending #foryou #reels #fbreels #fb #motivation #instagood #inspiration #instadaily #buhayofw #filipina #pinas #pinoyvlogger #pilipino #buhayabroad #instagram #instagood #shorts #reels #ofwlife #ofw #philippines #pinoyabroad
Pls click ✅follow 👇
Facebook : Aldrin Travelbuzz
https://www.facebook.com/Aldrin-TravelBuzz-101702115819873/
",1
"*Looking for Passport Holder bound to Singapore*
*Decent Salary awaits for you!*
📌LEGIT 100%
. Chance for Career growth in Singapore
. 100% guarantee OJT/Internship job
. Visa arrange by us
. Basic salary 900 SGD to more than 1200SGD per month ( excluding the meal Allowance and OT PAY)
*Course: Business Management /Hospitality management*
📌DIRECT TO THE SCHOOL
📌NO AGENT FEE
Limited Slots only. To check your Eligibility 📲WhatsApp: +65 8625 3679
**Private message me to reserve a slot and for more details**

19 mins

",1
"URGENT - URGENT!!!
BARTENDER
Immediate Joining (Local hire) with experience
Transferable with NOC
Attractive salary and benefits 
Send your CV Whatsapp  55246833",1
"## **Job Opportunity in Australia**

We are a market leader in bigger scale commercial projects in Australia. We have a culture of hard-working people who want to develop their careers for long-term goals and are very dedicated to our business growth. We encourage anyone from any field to develop their skills for the long term.

We are looking for the right type of people to join our diversely sensational team.

**AVAILABLE POSITIONS**

**📌Carpenter**

**📌Truck Driver**

**📌Backhoe Operator**

**📌Motor Mechanic (General)**

**📌Mechanical Engineer**

**📌Chief Executive Officer**

**📌Industrial Engineer**

For more information, send us a direct message or email to togp.recruitment2022@gmail.com.",1
"Sino po walang pang gastos dito na gustong mag abroad?
》FLY now pay later《
Bound to SINGAPORE for Domestic Helper 
Wala po kayo gagastusin during application
May free accomodation at foods para sa mga galing sa probinsya.
Must be: Passport holder,
                 No visible tattoo
                 Atleast Highschool graduate
                 Atleast 23 -30 years old sa first timer
                 Ex- Abroad atleast 23- 35-44 depende        sa tagal ng experienced",1
"urgently hiring!!
domestic helper 
bound to Bahrain, jordan KUWAIT, Qatar, Oman, Dubai",1
"I NEED MORE MORE  FAMILY LADY DRIVER APPLICANTS 

BOUND TO 🇴🇲 OMAN 

Requirements: 
Driver’s license or driving certificate
Passport
Flexible at work(willing to help other workers if you have freetime)
Salary is NEGOTIABLE 
Send message asap",1
"PTPA. Thanks

Pre-Opening Hotel Staff Urgently Required. New Hotel in Dubai. Direct Hiring.

- Executive Housekeeper 
- Housekeepers / Room Attendants
- F&B Manager
- Barista
- Sales Executive

Competitive salary package offers. Free accommodation. Free food. Must have experience in working in a hotel environment. Available in Dubai for immediate joining.

Job location: Dubai Sports City

Refer your friends. Let's help them land a job. Please send CV @ 0552892960.",1
"I NEED MORE MORE  FAMILY LADY DRIVER APPLICANTS 

BOUND TO 🇴🇲 OMAN 

Requirements: 
Driver’s license or driving certificate
Passport
Flexible at work(willing to help other workers if you have freetime)
Salary is NEGOTIABLE 
Send message asap",1
"Urgent Hiring Waitress 5'2 in Height 21to32yrs Old with Pleasing Personality.No Placement Fee.must be passport holder..Limit Visa Only..
Dm!!",1
"CARETAKER BOUND TO TAIWAN FOR FEMALE ONLY !! WITH COMPLETE DOCUMENTS ESP (PASSPORT AND UMID ID) 

AGE MUST BE 24-45 YEARS OLD WITH/WITHOUT EXPERIENCE,FIRST TIMER/EX ABROAD ARE ALL WELCOME !! JUST DM ME FOR INQUIRIES 

💯LEGIT !",1
"Sino po walang pang gastos dito na gustong mag abroad?

Bound to SINGAPORE for Domestic Helper 
Wala po kayo gagastusin sa pag process.( No Cash out )
May free accomodation at foods para sa mga galing sa probinsya.
Must be: Passport holder,
                 No visible tattoo
                 Atleast Highschool graduate
                 Atleast 23 -30 years old sa first timer
                 Ex- Abroad atleast 23-40 depende        sa tagal ng experienced.
Kindly Pm me mga Sis! 😊",1
"NOW HIRING ‼️‼️‼️
 Sa mga nais mag-apply abroad, lalo na sa mga gustong magtrabaho bilang foreman. Ito na po ang pagkakataon niyo. Opportunities are coming!!!
 Ang ARAM ENTERPRISES INC. (POEA-161-LB-092215-R) ay nangangailangan ng WELDING FOREMAN'S (WORKSHOP) bound to Saudi Arabia.
What are you waiting for!!! Apply na!!!

Qualifications:
👉 Male
👉 At least High School Diploma

👉 Principal/Employer: Petrojet Company

PINDUTIN ANG LINK PARA SA DETALYE 👇👇",0
"PTPA Admin, thanks!

We're Hiring Domestic Helper bound to UAE, Kuwait and Qatar!!

PM ME for more information.",1
"URGENT - URGENT!!!
BARTENDER
Immediate Joining (Local hire) with experience
Transferable with NOC
Attractive salary and benefits 
Send your CV Whatsapp  55246833",1
"✅OMAN..FEMALE ONLY 
✅DOMESTIC HELPER ONLY
✅READY PASSPORT 2 YRS VALID NOT 1 YR./ OR NO PASSPORT ACCEPT
✅23 TO 4O YRS OLD FIRST TIMER 
✅40 TO 46 EX ABROAD 
✅ ALLOWANCE PAMBILI NG GAMIT O PANG IWAN NIO S PAMILYA NIO AFTER SIGNING OF CONTRACT 
✅️️TRAINING OWWA PEDOS 
✅FREE PASSPORTING (Basta kumpleto requirements nio..nbi,psa birth certificate, 2 valid ids, marriage certificate pg kasal)
✅REFUNDABLE TRANSPORTATION FROM PROVINCE BSTA MAY RESIBO..
✅️TATAWAGAN MUNA KAU NG AGENCY BAGO MG REPORT
✅️SA MG TGA PROBINSYA MG PRE MEDICAL MUNA KAU JN S LUGAR NIO PG OK PREMED NIO PPADALA NIO S AGENCY KASMA PARA PG MAY EMPLOYER N KAU SKA KAU LLUWAS NG MANILA...refundable pre med bsta may resibo at legit n clinic

REQUIREMENTS..
Name..
Age..
Cp no
Adres..
Status..
Weight..
Height..
No of children..
Religion..
2x2 Picture..
Copy of passport..
Work experience yr at country kng ex abroad..
Education attainment..
Position apply..

DIRECT PM PO S MESSENGER WAG N PO MG HOW JN N PO DETAILS S POST TNX..",1
"PTPA:

PLEASE READ CAREFULLY!!

HIRING FEMALE NURSE BOUND TO QATAR

MUST BE WILLING TO DEPLOY @ **HOSPITAL OR CLINIC (NO CHOOSING)**

*AT LEAST 2 YRS CONTINUOUS EXP.

*WITH PRC LICENSE

*READY PASSPORT

*WITH OR WITHOUT PROMETRIC

SALARY OFFER IS 5000QAR

FREE ACCOMODATION AND TRANSPORTATION

8HRS DUTY WITH OT PAY W/ WEEKLY OFF

if interested please send your updated CV, PRC License and Passport copy to **info.speeddeployment@yahoo.com**",1
"**UNITED PHILIPPINE LINES**

**Sta. Clara St., Intramuros**

**WORK ONBOARD A CRUISE SHIP**

**NOW HIRING FOR CARNIVAL CRUISE LINES**

***LANDBASED EXPERIENCE WILL BE CONSIDERED!!!***

**Technical Positions (MALE AND FEMALE)**

**Galley Service Technician (KITCHEN TECHNICIAN)**

**Hotel Service Technician (HOTEL TECHNICIAN)**

**FACILITIES TECHNICIAN**

**MASON / TILESTTER**

**UPLHOLSTERER**

**WELDER/FITTER**

**LOCKSMITHS**

**Asst. Fitter Mechanic**

**Asst. Reefer**

**Asst. Carpenter**

**Asst. Electrician**

**Asst. Plumber**

**Asst. Mechanic**

**Tailor / seamstress**

**MEPF MECHANICAL REPAIRMAN**

**REFRIGERATION TECHINCIANS**

**REFRIGERATION ENGINEERS**

**REGRIGERATION FITTERS**

**ELECTRICAL ENGINEERS**

**ELECTRO-MECHANICAL REPAIRMAN**

**ELECTRO-MECHANICAL TECHNICIANS**

**ELECTRO MECHANICAL ENGINEERS**

**INCINERATOR OPERATOR**

**WASTEDISPOSAL OPERATOR**

**WASTEHANDLER / GARBAGE MAN**

**Fire Patrol (Fireman/Fire Fighter)**

**Jr. Inventory Controller (ENGINE DEPARTMENT)**

**United Philippine Lines Inc.**

**POEA Lic. No. 197-SB-031204-AOEII**

**POEA Accreditation No. 24788-16**

**No fees in any form and/or purpose will be collected from applicants**

**Beware of illegal recruiters and human traffickers**

**EMAIL RESUMES TO: CCLrecruitment@uplines.net**

**SUBJECT: CCL (POSITION APPLIED)**",0
"NOW HIRING ‼️‼️‼️
 Sa mga nais mag-apply abroad, lalo na sa mga gustong magtrabaho bilang foreman. Ito na po ang pagkakataon niyo. Opportunities are coming!!!
 Ang PHILSTAR INTERNATIONAL SERVICES CORP. (POEA-208- LB-071312-R) ay nangangailangan 50 CEMENT MASON FOREMAN'S bound to Guam.
What are you waiting for!!! Apply na!!!

Qualifications:
👉 Male
👉 At least High School Diploma

👉 Principal/Employer: Core Tech International

PINDUTIN ANG LINK PARA SA DETALYE 👇👇",0
"Urgent hiring!!!
Bound to Qatar 🇶🇦🇶🇦🇶🇦🇶🇦
Nail technician
All around beautician
Hairstyle
Massage Therapist
Family Lady Driver 

Firstimer/Exabroad basta same experienced ang mayroon kayo. Send your updated resume with sample of works/videos. 

No placement fee kapag po kayo selected bilang home based beautician. Free po lahat.

Salary deduction naman po ang placement fee niyo kapag kayo ay selected sa Salon(company) 

Pm nalang po. Cant entertain sa comment box. Salamat",1
"JOB HIRING 📣📣

Bound to SAUDI 

📌Nail technician 
📌 Female barber

No placement fee 
First timer and ex abroad

👉 Passport holder 👈

📌Waiter 
📌Barista

First timer and ex abroad
With experience in Philippines

👉 Passport holder 👈

Pm me if interested
Or message on Whatsapp
+639694430360",1
"URGENT HIRING: Local candidates only

**FILIPINO staff: Waiter/Waitress (Fine Dining Restaurant)**

**Line Cook / Kitchen Helper**

**Kitchen Cleaner**

Only with Transferable Visa / NOC

Send your cv WhatsApp 55246833",1
"Hiring: housemaid only
Country: dubai

This is it sa mga first timer and ex abroad na nag edad  43 below lang po Tayo mga ma'am...sa mga nag edad na ng 43 pa taas sorry po dahil dna pde...pde na ako mag tanggap ng job order ngayon mga maam..

Free processing lang po Tayo...
Make it sure Ang mag apply is already have passport lang po ..ayaw ko mag interntain ng Wala pang passport...marami akong kausap na applicants...kaya kailangan marunong po umintindi sa akin..dahil mag isa lang ako na sagot sa lahat ng inquiry niyo...madami kayo kaysa akin...

Pm na Kong gusto niyo na ma assist ngayon",1
"GUSTO MO MAGTRABAHO ABROAD?? ✈✈
Female only
Sagot na po namin ang gastos basta willing po, willing din c agency na tulungan kau.

MAY PASSPORT 🌍 WALA

 BASTA MAY BIRTHCERTIFICATE 
VALID ID  PWEDE NA MAG APPLY

*FREE PASSPORT
*NO PLACEMENT FEE
*NO SALARY DEDUCTION 
*FREE ACCOMMODATION
*FREE FOOD
REFUND PASSPORT AND TRANSPORTATION 
PLUS ALLOWANCE
*OPEN CELLPHONE
*21K MONTHLY SALARY 
*ALL PROCESSING IS FREE

YOUR SAFETY ABROAD IS OUR CONCERN✈✈ 100%LEGIT
PM ME OR CONTACT 09165012183",1
"Are you ready for Change?

**POLAND WORK OPPORTUNITIES**

Obtain Residency in Poland via working.

Currently, Work Available:
1. Production Workers (In-demand)
1. IT Developer (w/ exp of 2 years)

Requirements:
* Male/Female
* Up to 55 years old
* Exp is not required but an advantage
* No IELTS required

For more information, message us:

*Whatsapp:* +447366627517

or email your resume at

poland.marketing.eu2019@gmail.com",1
"Permission to Post 😊

To all kababayan na gustong mag abroad ng walang masyadong gastos Were Hiring po Japan

1. CONSTRUCTION STAFF (building/establishment/road)
2. FACTORY WORKER (box/plastic/fabric)
3. DRIVER (company/personal)
4. FOOD PROCESSOR (ready meal/instant food)
5. DOMESTIC HELPER (cleaner/private)
6. SECURITY GUARD (school/factory/establishment)

All jobs written above are:

-NO PLACEMENT FEE (requirements must be completed)
-NO PROCESSING FEE (requirements must be completed)
-NO AGE/HEIGHT LIMIT REQUIRED (must be physically fit to work)
-NO EDUCATIONAL REQUIRED ( everyone is welcome)

Minimum salary is 65,000/php. up to 80,000/php. (including overtime)
-3 years contract (renewable)
-free food allowance and accommodation
-free owwa membership and health insurance
-free ticket and monthly medical checkup

Salamat at Pagpalain po tayu",1
"**UNITED PHILIPPINE LINES**

**Sta. Clara St., Intramuros**

**WORK ONBOARD A CRUISE SHIP**

**NOW HIRING FOR CARNIVAL CRUISE LINES**

***LANDBASED EXPERIENCE WILL BE CONSIDERED!!!***

***“HOW TO APPLY”? = SEND RESUMES TO CCLrecruitment@uplines.net***

**Technical Positions (MALE AND FEMALE)**

**Galley Service Technician (KITCHEN TECHNICIAN)**

**Hotel Service Technician (HOTEL TECHNICIAN)**

**FACILITIES TECHNICIAN**

**MASON / TILESTTER**

**UPLHOLSTERER**

**WELDER/FITTER**

**LOCKSMITHS**

**Asst. Fitter Mechanic**

**Asst. Reefer**

**Asst. Carpenter**

**Asst. Electrician**

**Asst. Plumber**

**Asst. Mechanic**

**Tailor / seamstress**

**MEPF MECHANICAL REPAIRMAN**

**REFRIGERATION TECHINCIANS**

**REFRIGERATION ENGINEERS**

**REGRIGERATION FITTERS**

**ELECTRICAL ENGINEERS**

**ELECTRO-MECHANICAL REPAIRMAN**

**ELECTRO-MECHANICAL TECHNICIANS**

**ELECTRO MECHANICAL ENGINEERS**

**INCINERATOR OPERATOR**

**WASTEDISPOSAL OPERATOR**

**WASTEHANDLER / GARBAGE MAN**

**Fire Patrol (Fireman/Fire Fighter)**

**United Philippine Lines Inc.**

**POEA Lic. No. 197-SB-031204-AOEII**

**POEA Accreditation No. 24788-16**

**No fees in any form and/or purpose will be collected from applicants**

**Beware of illegal recruiters and human traffickers**

**EMAIL RESUMES TO: CCLrecruitment@uplines.net**

**SUBJECT: CCL (POSITION APPLIED)**",1
HIRING VIP EMPLOYER SAUDI ARABIA MABAIT EMPLOYER may dagdag sahod passport holder only,1
"ptpa:  🙏🙏🙏 please dont report please 🥺, see my wall po, may legit check po ako salamat

Hiring : DH BOUND TO SINGAPORE
23-40 yrs old, female, can speak english ikw mismo mamimili ng employer mo 😉 you can message me or whatsapp this number para sa lahat ng info +65 8678 0750",1
"Hiring📍📍📍Jake International Manpower Agency Roxas City Branch
Located at Capricho 2 📍📍📍

Domestic Helper Bound to:
Qatar
Oman,
Malaysia,
Dubai,
Saudi,
Kuwait,
Bahrain,

With or Without Passport,
23 to 39 years Old

Free passporting,
Free accomodation,
Free transportation going to Manila,
Free training,

For those who are willing to apply pls call 09382996456 or direct message me📍

Thank you and God bless😇",0
"Hello po admin pa post po. Thank you.
Legit agency please visit us for screening interview 
Hiring 
(Tea boy) Male only Riyadh 
(Cleaner)  Female only Riyadh 
SALESMAN  Kuwait  send cv.
SALESLADY Kuwait  send cv  with picture whole body with White background .
Al Awa'el international Manpower,inc.
Room 1502 Metropolitan tower
1746 A. Mabini Street,Malate,Manila
ASAS COMPANY 
K.S.A 🇸🇦
Urgent Hiring bound to riyadh. 
Salary 1,675sr for TEA BOY, Need interview. 
Salary 150 Kuwait denar for SALESMAN No Need interview send cv via WhatsApp. 
with free Food Allowance free Transfo free Accomodation
No need experience sa Teaboy be yourself 
Experience dag2 points 
Contact no. 09128036600
ASAS COMPANY K'S'A RIYADH!!!
Interview Mondayto Friday. 2pm onwards 
Bring your updated cv/ resum
e/ or biodata. 
Good luck and God blessed",1
"URGENT HIRING!!!
- Bound to K. S. A.-
CAR DETAILER
* 22-29 yrs. old
* male, with pleasing personality, medium body built
* ready passport
* pm me your resume and whole body picture",1
"Baka my gusto mag abroad as dh in Malaysia,, passport holder only and refunded after fit to work 
Kuwait Qatar with or w/o passport
pm nio lang ako 🥰 BABAE LANG PO!!!",1
"Open n po Ang SAUDI DH po,sa Nov.7 n po Ang open, Interested Aplicant Free Pasport n po Tau,  tumatanggap n po kmi ng pasporting, renew passport, lost pasport, bsta po kumpleto n po ung requirements nyo po, 
First timer 24 to 43 yrs 
Ex abrod pde hnggang 48 yrs old po
Pde n po kaung mag aply ung mga intresado lng po, plz pm nyo lng po aq or call
# 09066617030
 Ang agency po ntin sa pedro gil lng po,",1
"URGENT HIRED 👈
DH👈 HAVE SLOTS
UAE👈 JORDAN 👈
BAHRAIN 👈
LEGIT AGENCY👉 BMWIMS INC. PM ME",1
"Sa mga gusto mag apply ng Japan and hindi alam yung requirements, qualifications, and saan pwede makapag apply na agencies. PM me.",1
"WORK ABROAD.!!!🪐🌈✈️✈️🛫
     I still NEED 30 DH
       3 MGKAKASAMA SA IISANG BAHAY.
          VIP EMPLOYER 
READY PASSPORT
         FOR THE GIRLS ONLY
       WITH 10k ASSISTANCE 
        FREE FREE FREE
                MEDICAL 
     FOR YOUR FAMILY 
          LOAN 40 TO 50K
       WHAT ARE YOU WAITING FOR 
        APPLY NOW!!!!...
 pm",1
"URGENT HIRING
Domistec helper bound to
Kuwait...Qatar...Malaysia...Jordan and Dubai for VIP EMPLOYER.Pm me if ur ready passport 23 to 42 of age ONLY. with cash asst",1
"Permission to post Admin.
We are hiring bound to BRUNEI with passport holder
25 to 45 ang edad
DH - para sa babae lang po
Free medical at processing
FYI- wala po tyong nauuso ngaun n cash assistant
Ang tanging assurance lng po is legit and agency at action agad pag nasa employer k n.
Please PM po to those interested.",1
"Hello guys!!
to all those interested in applying who do not yet have the requirements then you are interested to apply, just pm me and let's talk no matter wherever you are,if you are interested i will help you.
Our agency here in Saudi🇸🇦
We need direct hired cleaners.
No salary deduction ,free food and accomodation😊",1
"Naghahanap ng:
🌸 Housemaid/Babaeng Driver
🌸 First timer man o ex-abroad
🌸 20k php isang buwang sahod
🌸 Dalawang taong kontrata
🌸 walang salary deduction
Mga edad na kailangan:
🌺 Qatar (24-39)
🌺 Kuwait (24-43)
🌺 Oman (24-45)
Mga kinakailangan:
🌹 Passaporte
🌹 Dalawang valid na i.d
🌹 PSA
🌹 NBI
🌹 Pagibig#
🌹 VAXCERT ( Fully vaccinated at dapat updated ito.)
Libreng:
⚘Tirahan(hbng nglalakad ng mga papel.)
⚘ Pagkain
⚘ Medical
⚘ Pamasahe
⚘ semiar & training.
🦋 sa mga interesado diyan, malaya po kayong mag-iwan ng mensahe o katanungan sa aking fb accnt. 
MARAMING MARAMING SALAMAT PO.",1
PTPA-NEED DH TO QATAR AND KUWAIT READY PASSPORT PM SA INTERESTED,1
"HIRING ❗❗❗
DH BOUND TO MALAYSIA ❗
SALON BOUND TO BAHRAIN AND UAE ❗(SKILLED)
WILLING PO KAMI NA TULUNGAN KAYO ❤️ LEGIT PO ITO ❤️❤️
FEMALE ONLY ❗❗
PASSPORT HOLDER ❗
PM ME IF INTERESTED PO ❗❤️❤️",1
"Hello po 💖
Ask ko Lang po Kung sino po SA Inyo ang Marunong po sa nail arts and may experience po sa salon ?? ❗❗ URGENT HIRING ❗
SALON BOUND TO BAHRAIN ❗❗❗
FEMALE ONLY ❗
PASSPORT HOLDER ❗
READY PO SANANG MAGREPORT SA FRIDAY ❗❗
PM IF INTERESTED PO 🥰",1
"PTPA!! Thank you po..
HIRING!! HIRING!!
We are currently looking for..
WAITER
WAITRESS
COMMIS 1
DEMI CHEF de PARTIE
CHEF de PARTIE
Destination: Kingdom of Saudi Arabia (Khobar)
Company Name: RAJA ARABIA
Qualification: Ex- Gulf Cooperation Council (GCC)
Age: 23-37 years old
Must have Valid Passport (At least 1yr)
If you are interested just Pm me directly..
for more info. Kindly send your Updated resume and Passport copy to my email. Thank you po!
Agency: RRJM International Manpower Services, Inc.
Email: jforniloza@rrjm-manpower.com
Mobile No.: +639366650338
WhatsApp No.: 09366650338
""To GOD Be The Glory""",0
"CLEANERS/HOUSEKEEPER JOBS IN CANADA 🇨🇦 2022 
.Hotel Cleaner
.Storekeeper
.Cleaner
.Housekeeper
.Dishwasher
Age 20-55 may apply
No need to pay anyone 
Without Experience 
HIGH SALARY PACKAGE 
APPLY HERE:-👇👇👇",1
"We are Hiring!!! 📢 Domestic Helper bound to Singapore 🇸🇬
Must have ready Passport
Atleast High School Graduate
For interested applicants pls PM me. Good luck 😍",1
"HIRING ABROAD✈️
FREE ALL PROCESS WITH 5k CASH ASST.
+ REFUNDABLE OF TRANSPO. 
DH Malaysia
DH QATAR
FAST DEPLOYMENT,VIP EMPLOYERS ARE WAITING❣️WORK WITH ANOTHER HELPER ❣️
PM ME NOW.
Age limit: 24-42yrs old
FOR READY PASSPORT ONLY!
100%Legit Agency!",1
"📣Urgently Hiring 10 Female Nail Technician 23 to 35yrs Old 💸1800sar Salary Ready Visa Fast Deployment Under POEA, PM❗
Friday EMPLOYERS INTERVIEW",1
"Hiring domestic helper bound to Kuwait first timer 24/38 years old ex abroad 30/48 years old 
Bound to Malaysia first timer 24/39 years old ex abroad 40/43 years old interested applicants pm me tnx…",1
"HIRING ALL DOMESTIC HELPER 
FOR GULF COUNTRY 
AGE 23 UP TO 45 
CONTRACT 2 YRS 
400 DOLLAR SALARY 
SAUDI./QUATAR/.KUWAIT./BAHRAIN.
 MUST ACTIVE GOOD MORAL 
NO PLACEMENT FEE
NEED ONLY PASSPORT AND NBI 
JUST MESSAGED ME
OR CALL AND TEXT
09303297551",1
"Cno gst mag apply Qatar or Kuwait mbilis lng sya yUng accommodation is condo di mhirap pm more ditials sa
#DH",1
"URGENT HIRING ❗❗
DH BOUND TO MALAYSIA ❗❗
FEMALE ONLY ❗❗
PASSPORT HOLDER ❗❗
FIRST TIMER AND EX ABROAD ACCEPTED PO ❗
23-24K ANG SAHOD PO ❗
WILLING TO HELP PO 💗 MAY GC PO AKO PARA MONITOR PO LAHAT 🥰
PM ME IF INTERESTED 😊",1
"URGENT HIRING!!
DOMESTIC HELPER !
COUPLE !
WE ARE LOOKING FOR DOMESTIC HELPER & COUPLE BOUND TO KINGDOM OF SAUDI ARABIA. (JEDDAH, DAMMAM, RIYADH) QATAR & KUWAIT.
NO PLACEMENT FEE
NO SALARY DEDUCTION
FREE MEDICAL
FREE FOOD
FREE ACCOMMODATION 
FREE TESDA, OWWA, PDOS TRAININGS.
24 TO 43 Years Old.
WITH PASSPORT 
WITH 5K CASH FINANCIAL ASSISTANCE 
REFUND PASSPORT 
FOR INQUIRIES, PLEASE CONTACT: 09466065493
OR KINDLY PM FOR MORE INFO.
BEWARE OF ILLEGAL RECRUITERS!!",1
"For mission to post po Sir & ma'am 
I NEED 3DH BOUND TO
(KUWAIT.)  (QATAR)
DALAWANG  TAGA LINIS NG BAHAY
ISANG TAGA BANTAY NG BATA.WITH TO 2 TIMES A MONTH DAY OFF, 
22K STARTING SALARY...
WITH 10K CASH ALLOWANCE.. 
AT PWEDE DIN KAYO MAG LOAN 50 TO 60K 
KAYA PM NA SA MGA INTERESADO...
☺️☺️",1
"PTPA ADMIN:
PARA LAMANG PO SA WILLING MAGAPPLY AS DOMESTIC HELPER. FEMALE ONLY!!!!🙋
MICHAEL ANGELO MANPOWER EXPONENT INC.
Is now hiring for DOMESTIC HELPER in ....
*MALAYSIA 
*QATAR
*KUWAIT
*JORDAN
No placement fee and no salary deduction.
We offer:
Free passport assistance.
Free medical.
Free training.
Free accomodation and food.
Open for:
First timer and ex abroad.
23-45 yrs.old.
Monthly salary : 400 usd 
2 years contract.
For hongkong and cyprus ....
Pm for details.
Poea license no: 133-LB-072915-R",1
"GUSTO MO BANG MAGTRABAHO ABROAD? ✈️APPLY NA SA HONOR DEPLOYMENT CORPORATION👌
Pwede niyong icheck sa POEA para makasigurado kayo 😊💯
POEA LICENSED NUMBER 121-LB-071119-R
WE ARE HIRING FEMALE APPLICANTS BOUND TO QATAR, MALAYSIA,SAUDI & KUWAIT
DOMESTIC HELPER 👩🏻
WILLING TO WORK ABROAD 💯✈️
WALANG BABAYARAN ✔️💯
WALANG PASSPORT? Don’t worry kami ang bahala sayo😁
2 YEARS CONTRACT! 
FREE ACCOMODATION 🏠 & FOOD , PAMASAHE
400$ or 22-23K PESOS SALARY! ?? 💰
#WITH COMPLETE REQUIREMENTS,.like : ,P.S.A BIRTH CERT ,AND VALID ID.. VOTERS ID OR UMID
DON LNG SA MGA INTERESADO AT DESIDIDO HUWAG LNG UNG 
         PAASA...
PM ME IF INTERESTED",1
"SINGAPORE IS NOW HIRING !!!
JOIN US !!
Training + Internship in SINGAPORE 🇸🇬 for FOREIGNERS with HIGH SALARY
NO AGENT FEE !!!!!
For more details: 
Whatswapp # +60 11-6415 2498",1
"Urgent hiring Bound to
Taiwan
Singapore
Hong Kong",1
"Urgent hiring Bound to Taiwan
Factory worker",1
"HIRING ABROAD!
POEA ACCREDITATION NO.10208458
COUNTRY OF DEPLOYMENT: UAE, QATAR, BAHRAIN, KUWAIT, OMAN & SAUDI (Employer will be the one to decide which country you will be assign)
NEEDED THE FOLLOWING CATEGORIES:
SALESLADY/CASHIER
Female, 21 to 27 yrs.old,
with at least 1 yr experience as saleslady/cashier in Big Malls in Manila or Abroad.
College Graduate is an advantage, with PLEASING PERSONALITY.
SALESMAN/CASHIER
21 to 32 yrs. old, candidates with 1 yr. experience in Hypermarket
(Deli, Electronics/Gadgets,Footwear, Fruits & Veg. Home Appliances Department)
College Graduate is an advantage, with PLEASING PERSONALITY.
BAKER
21 to 40 yrs. old, candidate with 2 yrs. local or international work experience, knowledgeable in principles,
procedures and technique in baking,with competency certificate; Diploma in Baking is an advantage.
CAKE MAKER/DECORATOR/CONFECTIONER
21 to 40 yrs. old (Male/Female) Candidate with 2 yrs.local or international work experience.
FILIPINO & CONTINENTAL COOK
Male, 25 to 40 yrs. old, candidates with knowledge, procedures and techniques in commercial kitchen,
Competence Certificate in Culinary Skills Management or Diploma in Culinary is an advantage.
SALAD MAKER / SANDWICH MAKER / PIZZA MAKER
Male/Female,21 to 40 yrs. old, with 2yrs work experience,preferably with experience
in leading fast food chain like Pizza Hut/ Subway/ Sbarro etc.
FILIPINO SWEET MAKER
Male/Female,21 to 40 yrs. old, with 2yrs.work experience/Maker of Filipino sweets and delicacies.
BUTCHER
Male/Female,21 to 35 yrs.old, Candidates familiar in diff. meat cuts, slices & techniques.
Experience in Monterey, Purefoods,San Miguel and other well known meat companies is an advantage.
FISH MONGER
Male/Female,21 to 40 yrs. old, with experience as Fish Monger in a Supermarket or local wet markets.
DELI SALES
Male, 21 to 32 yrs.old, with 2 yrs. work experience in Hypermarket.
FRUITS & VEGETABLES SALESMAN
Male, 21 to 32 yrs. old, with 2 yrs. work experience in Hypermarket.
SUSHI MAKER
Male, 21 to 40 yrs. old with 2 to 5 years experience in well known Japanese Restaurant.
EXECUTIVE CHEF
Male, 30 to 40 yrs. old, with 2 to 5 years work experience as a Chef (Local or International)
Degree or Vocational Certificate in Culinary Skills or related field.
GRAPHIC ARTIST/DESIGNER
Male, 25 to 35 yrs.old with 2 years work experience in related field.
SECURITY STAFF
Male/Female, 25 to 35 yrs.old with 2 years work experience in related field.
-you should report first to our office to evaluate your resume and to line up your application.
•SEND YOUR RESUME TO: ritemerit@gmail.com for further evaluation and REPORT to our office at Unit 404, 4th Floor, Empire Centre Bldg., Taft Rotonda, Pasay City to submit the ff.
REQUIREMENTS: • PEOS Certificate • 2 pcs. scanned passport copy (colored) • 3 pcs. 2x2 picture white background • 1 set of resume with job description • 1 photocopy of certificate of employment • 1 photocopy of NBI (if available) • 1 photocopy of diploma & transcript of records (if available)
*BRING EXTRA 1 SET OF ALL REQUIREMENTS ABOVE ON THE INTERVIEW.
""ONLY QUALIFIED APPLICANTS WILL BE LINE UP ON THE INTERVIEW""
.
•Agency: RITE MERIT INTERNATIONAL MANPOWER CORPORATION
OFFICE ADDRESS: Unit 404, 4th Floor, Empire Centre Bldg., Taft Rotonda, Pasay City (Landmark: SAVEMORE)
POEA LICENSE NO. POEA-219-LB-120415-R
EMAIL ADDRESS: ritemerit@gmail.com
TEL.NOs. 822 9329 / 801 8740
WEBSITE: www.ritemerit.com
FB PAGE: Rite Merit International Manpower Corporation LULU Hypermarket Website: www.luluhypermarket.com",0
"Urgent hiring‼️‼️‼️
Hiring po kmi ng mga skilled worker bound to Dammam,Saudi Arabia🇸🇦🇸🇦🇸🇦
* Auto Mechanic
* Auto Electrician
* Auto Denter
Requirements:
Valid passport
2x2 picture
Employment certificate 
Training Cert( if any)
Please paki send po ng Resume ng sa email add namin.
* manila3000s@gmail.com *
Sa mga interesadong mag apply, please comment or Pm lng po tyo. 
Maraming Salamat",1
"💎Mga🙋🏻 gusto mgdh aply n po kyo dito .
💎Pwde mkpgloan
💎Para clear po pag fit to work  bago ka makakuha ng allowance 
💎Pg wala pasport bsta may psa.nbi valid id.pwde k na for pasporting.
💎Refundable po pasport
💎Pg bnigay po alowance tipirin po unahin kunin mnga importatnte para mtapos agad mmga req.at ang ibbigay na alowNce bgo flyt un ang gstosin para sa sarili pangangailangan🙋🏻
Pm me or cntct me cp 09108128988",1
"Hiring for Gym/Spa Receptionist
Bound to Qatar
Qualifications:
👸🏻 Female
✈ Valid Passport Holder
💁🏻‍♀ Pleasing Personality/Slim or Physically Fit
🙆🏼‍♀ 5'3 in height
👩🏻‍💻 1-2 years minimum experience as receptionist
👩🏻‍💼 Back office experience like secretary or sales
🗣 Good English communication skill both oral & written
👩🏻‍🎓 College Graduate/Vocational Diploma/Short Course Certificate
Ps: No Placement Fee and Free Medical
But you need to pay for processing fee after an issuance of visa and the swab test before your flight.
Interested Applicants may send me a message with your CV/Resume and whole body picture so i can send directly to the employer.",1
"CEBU AREA ONLY
WHO WANTS TO WORK ABROAD?
SERVE THE ROYAL FAMILIES
FREE PASSPORT  and Ready VISA.
WE ARE URGENTLY LOOKING 500 HOUSEHOLD SERVICE WORKERS
INTERVIEW Date : February 21, 2020 ( Friday)
11AM to 3pm - Free Lunch 🍛 
AGENCY BACKGROUND; 
•√Straight in 19 yrs in services. 
•√legit POEA licensure 
•√proven and tested from our dearest applicants 
•√the MULTI AWARDED agency in the country. 
MIRBEN INT'L MANPOWER SERVICES
POEA LIC. 181-LB-081218-R
URGENT HIRING 👇👇👇
√√ HOUSEHOLD SERVICE WORKER
BOUND TO; 
•√QATAR
•√SAUDI
•√KUWAIT
•√BAHRAIN
•√PAKISTAN
•√OMAN 
•√JORDAN 
NOT FREE:
•√ SINGAPORE
👍👍FREE. FREE...FREE
FREE= INITIAL MEDICAL / FINAL MEDICAL 
FREE= PASSPORT 
FREE= FOODS AND ACCOMMODATION IN MANILA 
FREE= FARE CEBU TO MANILA
👍👍👍BENEFITS👈👈👈
•√ OFW HOUSING LOAN WITH DISCOUNTED PRICE ( 2 yrs lng. Maabot muna ang yung dream house) 
•√ with insurance PHILHEALTH, SSS, PAG-IBIG 
•√work for VIP and Royal Family employers in abroad
Qualifications in house holds services; 
•√ female 23-39yrs old 
•√ high school level / graduate 
•√ college level/graduate 
•√first timer or ex-abroad 
•√with or without  passport
•√WILLING TO DEPLOY FAST.
Interested applicants you can inquire me through this account. Or you may reach this number 0966-357-5373 globe. 
Look for Mary Ann Estrecho 
For those interested please send me a PRIVATE MESSAGE of your COMPLETE NAME, AGE, LOCATION, AND CONTACT NUMBER. for priority and fast asSISTANCE...
Noted; this is under of the license personnel of Sir Ben Mondragon.",1
"URGENT HIRING FOR OMAN!
* FEMALE FITNESS TRAINER
- at least minimum 3-5years experience in a fitness center
- licensed trainer with certificates
- can manage Zumba and aerobics classes
* ALL AROUND BEAUTICIANS
* EYEBROW TECHNICIANS
* ACRYLIC NAIL TECHNICIANS
Please contact Ms. Amy at mobile / WhatsApp: 0917-6510540
Or send CVs at email:
firstnorthern.intl@gmail.com
1st Northern International Placement Inc.
UG12, 16, 24 & 25 Cityland Tower, 128 Pioneer St., Mandaluyong City
POEA License No. 059-LB-122717-R
For manpower pooling only. No fees to be collected.",1
"FOR URGENT DEPLOYMENT!!!
TRABAHO ABROAD PARA SA MGA BABAE!!!
SKILLED MANAGEMENT CORPORATION .
POEA LICENSED NO.080'LB-031716-R.
WE'RE STILL CONTINIOUSLY HIRING ...
100 HOUSEHOLD SERVICE WORKER'S
BOUND FOR MALAYSIA...WITH READY PASSPORT..MOSTLY EX-ABROAD.
BOUND FOR KSA .
BOUND FOR KUWAIT..
LIBRE PASSPORTING...
LIBRE MEDICAL.
LIBRE. VACCINE.
LIBRE. PAMASAHE.
LIBRE NBI CLEARANCE.
LIBRE PAGKAIN.
LIBRE. TIRAHAN SA MANILA WHILE PROCESSING YOUR DOCUMENTS.
NO PLACEMENT FEE..
NO SALARY. DEDUCTION.
NO PROCESSING FEE..
LIBRE TESDA.
LIBRE. OWWA TRAINING.
LIBRE PASSPORTING..
WALANG BABAYARAN.
IF INTERESADO KA..TARA NA APPLY NA..
COONTACT LAILA BASE 09474671612.
Send resume at eulalia.smc@ gmail.com",1
"URGENT hiring of FEMALE DH for SAUDI, KUWAIT AT QATAR!!!
FREE ALLOWANCE for:
saudi-8k
kuwait-5k
qatar-5k
REFUNDABLE ANG PASSPORT FEE AFTER FIT TO WORK
MAY PROBLEMA SA XRAY TINATANGGAP DIN BASTA WALANG TATTOO
QUALIFICATION:
>23 to 39-first timer
>40 to 45 ex abroad
______________________
REQUIREMENTS:
*valid passport (at least 3 yrs valid)
*INFOSHEET if ex abroad
*NBI
*infosheet if ex abroad
FREE:
>medical fees
>PCR test
>RAPID test
>picture
> walang placement fee
> walang salary deduction
call, txt or msg lang po:
0975-8307532-TM",1
"Good day!
URGENT HIRING!!!
We are now hiring under AL AJEER RECRUITMENT COMPANY (ARCO) Bound to Saudi Riyadh.
Employer's interview on June 17, 2019 (MONDAY) at 9am
-Salary is Negotiable upon interview.
-COOK
-BARISTA
-WAITER
-SERVICE CREW
Qualifications:
-Must be Male
-With Pleasing Personality
-Must have atleast 1year Passport Validity
-With pleasing personality
-Atleast 1year experience in the same Field 
Go direcly to our office on the said dates.
Hanapin nyo lang po ako sa office 'Jehrome'
ERRX RECRUITMENT CONSULTING !!
Poea-149-LB-072718-R
Address: 101-106 Agapita Condominium 1, 1832 Leon Guinto St. Malate, Manila 
Note: Pictures not mine. CTTO",1
"URGENT REQUIREMENT FOR DUBAI.
EMAIL your CV with passport copy to:  primeworld.nurses2021@gmail.com
60 FEMALE OPD NURSES
Qualifications:
1. Female Nurses with at least 2 years hospital or clinic experience;
2. Must be registered nurse in the Philippines
3. HAAD or DHA are not mandatory but an advantage.
Age limit is 23 to 45 yrs of age",1
"Urgent Hiring 100 DOMESTIC HELPERS bound to:
KUWAIT ➡️ with 5k allowance.. upon Fit to work in Medical. and another 10k upon  Deployment.
👉 Guaranteed Good Employers ( EDUCATED )
👉  Allowed cp and Connected sa Wifi.. Basta unahin muna ang trabaho..
👉  Makakausap ang employer thru Call 📲
👉  23 to 38 yrs old Firstimer til 45 if ex abroad
SAUDI ➡️ with 5k allowance.. Upon fit to work in Medical. and another 10k upon Deployment 
👉  Guaranteed Good Employers ( EDUCATED )
👉  Allowed cp and Connected sa Wifi.. Basta unahin muna ang trabaho..
👉  Makakausap ang employer thru Call 📲
👉  23 to 38 yrs old Firstimer til 45 if ex abroad
QATAR ➡️ with 5k allowance upon fit to work
in Medical. and another 10k upon Deployment
👉  Guaranteed Good Employers ( EDUCATED )
👉  Allowed cp and Connected sa Wifi.. Basta unahin muna ang trabaho..
👉  Makakausap ang employer thru Call 📲
👉  23 to 38 yrs old Firstimer .
JORDAN  ➡️ with 5k allowance upon fit to work
in Medical.and another 10k upon Deployment
👉  Guaranteed Good Employers ( EDUCATED )
👉  Allowed cp and Connected sa Wifi.. Basta unahin muna ang trabaho..
👉  Makakausap ang employer thru Call 📲
👉  23 to 38 yrs old Firstimer .
➡️ Free Passporting din po kami basta iready lang ang PSA, NBI and voters id or SSS id.. Dapat ung Valid po . 
➡️ Sa mga Desidido po Mag trabaho as DH pm me Directly your Full info for Line up...
💥 AGENCY 💥
➡️ PLACEWELL INTL. SERVICES CORP.
✔️ POEA-083-LB-032116-R
👉 BEWARE OF ILLEGAL RECRUITER!
👉 NO FEES TO BE COLLECTED!
👉 FOR MAN POWER POOLING ONLY!",1
"HIRING NOW !!   FOR QATAR-
- CHEF DE PARTIE
--COMMIS CHEF  
(Male, 2 yrs experience in Butchery Section)
For interested applicants, please email  Resume with photo to 
qatar2020.primeworld@gmail.com",1
"URGENT HIRING ‼️
DOMESTIC HELPERS
BOUND TO SAUDI ARABIA
K.S.A 🇸🇦
QUALIFICATIONS:
▶ FEMALE
▶ Age: 23 – 39 years old (for first timer)
▶ 23 - 45 years old (for ex-abroad)
▶ READY PASSPORT
▶ SALARY - 400 USD 
💠 NO PLACEMENT FEE
💠NO SALARY DEDUCTION
💠 SAFE EMPLOYER
FREE 👇
✅ PROCESSING
✅ PASSPORTING
✅ MEDICAL
✅ ACCOMODATIONS
✅ FOODS
✅ TRANSPORTATION
👉FOR MANPOWER POOLING ONLY, NO FEES TO BE COLLECTED 
For more details feel free to pm me or call or text to my cell number. 😊😊
☎ TM: 0️⃣9️⃣3️⃣5️⃣ - 2️⃣6️⃣2️⃣ - 4️⃣0️⃣9️⃣8️⃣",1
"HIRING! HIRING! 
COUPLE Driver bound to KSA PM for fast transaction. 
Agency: BUSINESSWISE INTERNATIONAL RESOURCES, INC.
POEA License No: 194-LB-071816
Address: Adriatico Ermita Manila",1
"Sa mga nagnanais na mkapagtrabho abroad hiring po ang aming agency 👎👎👎
DAMDAM MANPOWER SERVICES INC with 
POEA LICENSED 202-LB-102810-R ng DOMESTIC HELPER bound to 🌏 SAUDI at KUWAIT
May interview po bukas (NOV.11) sa mga natatakot na nd mkpag pasko at bagong taon dto sa pilipinas wag po kau magalala APPLY NOW FLY NXT YEAR po tayo
With or without pasport just prepare atleast 2 valid id's NBI at PSA 
Free pasporting po sa mga wala pa
Free food and accomodation
Refundable transpo from province to manila
With baggage allowance bfore flight
23-40 1st timer till 45 ex abroad
Comment👇👇or text me👉👉 09100227751",1
"I need 20 DH jeddah,dammam,riyadh and Kuwait
Vip emplyer! My kasamang pinay! Assisst kta bukas sa agency 
Happy World Human Resources!
09162995393
Pm me nw for interview today.
With cash assisstance
Look for mis claudine.",1
"Yes mam . . 24-35 years old sa first timer & 26-45 years old sa ex abroad . . DH po Kuwait, Qatar or Oman with 10k cash allowance at makausap mo c employer sa video call pra klaro usapan before issuance ng visa at contract sa 2 months documents processing at flight ✈️ mo na ok po? 
May Dubai din kami Pero 2k lang ang cash allowance mam . . Pili ka na lang po kung saan mo gusto mag work as DH . . Ingat dyan . . God 🙏 bless po!",1
"Lahat DH applicants na taga province, except Davao, ay tsaka na sila mag stay accommodation pag me visa at contract na po kayo . . . 
Ipadala po via LBC ang pre-medical result documents at original passport sa office or DM me kuya Sam Gathercole, 09459954286:
Original passport 
Pre medical 
Whole body picture 
2x2 picture 
Resume 
Info sheet pag meron ex abroad 
Pag ibig number 
Email address nyo po
God 🙏 bless!",1
"URGENT HIRED!!
DUBAI👈ABUDHABI
PM WHO'S WILLING",1
"No interview
No Need mag English!
All Scripts are provided!
Kahit nasa bahay lang at
Gustong kumita gamit lang ay
Facebook at CP?🙂🙂
Gusto mo sumali kaso walang pampuhunan?
Good news pwede kita tulungan
📍Babayaran ka sa bawat
ENCODE MO NG 1,000 TO 3,800
bawat Araw at pwedeng
I WITHDRAW after 5minutes😤
Open to all
# Employed
# Unemployed
# OFW
# Students
# House wife
See you in my inbox 📩😉",1
"FACTORY WORKER IN KOREA
GOV TO GOV PROCESS, NO PLACEMENT FEE, 18-37 YEARS OLD,82K-130K SALARY
PM FOR MORE😘",1
Hiring waiter bell boy waitress bound to ROMANIA just pm send email mnramanpowercousultancy65@gmail.com,1
"URGENT HIRING!! JOB OPENINGS  2022
Applying link : https://bit.ly/3Ol0BZv
Farm worker : 180 ( Male & Female)
Production Worker : 150 ( Male & Female) 
Farm Worker : 150(Male & Female)
Cleaner   : 100(Male & Female)
Waiter & Waitress : 250 (Male & Female)
Age 23-45
JOIN OUR TEAM👉 
https://www.facebook.com/groups/1026862197931874/?ref=share",1
"WORKERS ARE NOW URGENTLY NEEDED HERE IN  BEVERLY HILLS HOTEL HERE IN USA 🇺🇸 
Apply by clicking the link here: 
https://wa.me/2349131250878
Safety officers
Contractors
Architecture
Civil  Engineer 
Supervisor 
Electrician
Driver 
Cleaner 
Capenter 
Foreman
Dishwasher 
Safety officer 
Crane Operator
Forklifter
Fabricator
Pipe Fitter
Welder
Plumber
Time Kepper
Store Keeper 
Mason
JCB Operator 
AUTO CAD Operator
RCC
Wall Painter
Gardener
Office Boy / Girl 
Helper
Rigger
Grass Cutter 
Grinder
Civil engineer
Cook
Ac technical 
Mechanical engineering
Automobile engineering 
Data entry
Security
Interested Applicants Should  Submit There Resume (CV) On The Company Mail :: thebeverlyhillshotel.ca@my.com
 Or Contact The Hiring Manager apply by clicking on the given link here: https://wa.me/2349131250878",1
"URGENT HIRING!! JOB OPENINGS  2022
Applying link : https://bit.ly/3yvkF5n
Farm worker : 150 ( Male & Female)
Vegetable Worker : 200 ( Male & Female)
General labour : 100 ( Male & Female) 
Packing Staff : 105(Male & Female)
Cleaner   : 100(Male & Female)
Picking Staff : 115 (Male & Female)
Age 23-45
JOIN OUR TEAM👉 
https://www.facebook.com/groups/1026862197931874/?ref=share",1
"NOTE: SHARED POST ONLY...
HIRING ‼️‼️‼️
Position: 200 Service Crews
Location: Bahrain
Employer: Modern National Bakery
- At least High School Diploma
- With or without experience
Agency: Romar Overseas Placement & Trading Corporation
POEA License No: POEA-142-LB-082020-R
PARA SA DETALYE 👇👇👇
https://www.pinaycares.com/.../romar-overseas-placement...
https://www.pinaycares.com/.../romar-overseas-placement...",1
Domestic helpers bound for Qatar and Dubai. 25 to 45yr old passport holder. Fast deployment guarantee. No bad medical records with cash assistance after medical. Legit. Please DM. Only serious applicants will be entertain. Thank you.,1
"NOTE: SHARED POST ONLY...
HIRING ‼️‼️‼️
Position: 50 CARETAKER
Location: Tainan County, Taiwan
Employer: Ping An Human Resources Co. Ltd.
- At least Vocational Diploma/Short Course Certificate
- Must have a 2 years working experience
Salary: TWD 17,000.00 per month
Agency: Greenfields International Manpower Services Inc.
POEA License No: POEA-047-LB-030419-R
PARA SA DETALYE 👇👇👇
https://www.pinaycares.com/.../greenfields-international...
https://www.pinaycares.com/.../greenfields-international...",1
"DOMESTIC HELPER BOUND TO SINGAPORE
24-35 age limit 
Passport holder only
No placement fee medical lang po ang gagastusin nyo the rest agency napo ang gagastos
With salary deduction
Taga manila lang sana para makasabay sa pagreport for tomorrow Aug 2,2022
URGENT HIRING
DOMESTIC HELPER (FEMALE)
BOUND TO
SAUDI (Free passporting)
QATAR (Free passporting)
KUWAIT (free passporting)
BHARAIN (Ready passport only)
JORDAN (Ready passport only)
OMAN (ready passport only)
DUBAI (Ready passport only)
24-39 yrs old 1st timer and ex abroad bound to kuwait qatar oman jordan and dubai
40 yrs old above bound to saudi and kuwait
Manila area only
Free all processing
Refund pamasahe and passport
Pm if interested
Agency:JTC INTERNATIONAL MANPOWER SERVICES",1
"NOTE: SHARED POST ONLY...
HIRING ‼️‼️‼️
Position: 60 Automotive Production Assembly Operator
Location: Hungary
Employer: IBI
- At least Vocational Diploma/Short Course Certificate
- Must have a 3 years working experience
- No Placement Fee
Agency: 1st Dynamic Personnel Resources Inc.
POEA License No: POEA-086-LB-040618-R
PARA SA DETALYE 👇👇👇
https://www.pinaycares.com/.../1st-dynamic-personnel...
https://www.pinaycares.com/.../1st-dynamic-personnel...",1
"URGENT HIRING!!!
Looking for Domestic Helper bound to  Kuwait, and Qatar.
DH SHOULD BE: ( FEMALE ONLY) 
🟢 24 to 39 years old for first timer.
🟢 24 to 45 years old for ex abroad
🟢 Physically Fit
🟢 Determined to Work
✅5K-10K free Cash assistance(1k-3k agad makuha upon report)
✅ No placement fee ( Yes po wala na pong babayaran)
✅ Free accomodation and food.
✅May Kasamang Pinay 2-3 
✅ May Dayoff💯
✅ Free Medical, TESDA and Owwa.
✅ 400 USD salary every month (2 years contract)
✅ No salary deduction.
✅ Free Carpool/Ticket (Basta Ready Passport)
NAGSUSUNDO din po kami basta WILLING TO WORK talaga .
Text us at 09497470414 (SMART) Regine Cruz 
licensed Recruitment Officer Rubilyn De-Asis Marquez",1
"Sino Yong Gustong mag abroad Add ko sa GC, Bound to UAE 🇦🇪 ✈️and Bound to Kuwait 🇰🇼✈️Passport Holder Only. FEMALE",1
"URGENT HIRING!!!
Placement Fee: This job has no placement fee
Ang Agency: ASIA REACH INTERNATIONAL MANAGEMENT & CONTRACTOR SERVICES, INC.
POEA License No.: POEA-152-LB-091310-R
 ay nangangailangan ng mga Factory Worker  bound to Japan.
Buksan ang link para sa buong detalye 👇👇👇",1
"PEMISSION TO POST ADMIN
THANK YOU IN ADVANCE
WE ARE LOOKING FOR FEMALE CLEANERS BOUND TO SAUDI ARABIA
MUST BE:
FEMALE
24 TO 34 YRS OLD
ATLEAST 5 IN HEIGHT
NOT OVERWEIGHT
WITH PASSPORT
SALARY IS 1500 RIYALS PLUS 300 FOOD ALLOWANCE
FREE ACCOMODATION
KINDLY PM ME YOUR RESUME THANK YOU.
P.S IM NOT AN AGENT. THIS IS FOR MY MOM WHO WORKS IN THE AGENCY.",1
"DOMESTIC HELPER BOUND TO SINGAPORE
24-35 age limit 
Passport holder only
No placement fee medical lang po ang gagastusin nyo the rest agency napo ang gagastos
Taga manila lang sana para makasabay sa pagreport sa monday
Pm if interested",1
"𝗛𝗶𝗿𝗶𝗻𝗴 𝗧𝗲𝗮𝗰𝗵𝗲𝗿𝘀 𝗶𝗻 𝗝𝗮𝗽𝗮𝗻!
READ HERE: https://bit.ly/2022JetProgramme
☑️ Must be a Bachelor's Degree holder or Higher
☑️ With or without License
☑️ Be interested in the Japanese education system, particularly foreign language education in Japan.
☑️ Be interested in working with children.
☑️ Be qualified as a language teacher or be strongly motivated to take part in the teaching of foreign languages.
READ HERE: https://opportunitiesph.com/japan-exchange-and-teaching.../",1
"𝗛𝗶𝗿𝗶𝗻𝗴 𝗞𝗶𝘁𝗰𝗵𝗲𝗻 𝗛𝗲𝗹𝗽𝗲𝗿 𝗶𝗻 𝗞𝘂𝘄𝗮𝗶𝘁!
DETAILS: bit.ly/KitchenHelperKH
📍 Preparing meal ingredients for the cook, which includes washing, peeling, cutting, and slicing ingredients.
📍 Assisting kitchen staff to unload food supplies from delivery trucks.
📍 Properly washing and drying all dishes, utensils, cooking instruments and cutting boards.
📍 Neatly putting away all utensils, cooking instruments, dishes, and cutting boards in their respective places.
📍 Packing take-out orders as needed.
📍 Removing garbage, replacing garbage bags, and washing garbage cans.
📍 Mopping and sweeping the kitchen areas as required.
📍 Storing ingredients and food items according to food safety standards.
For Qualifications and Requirements Needed, read here: https://expertist.tech/.../hiring-kitchen-helper-in-kuwait/
HOW TO APPLY: https://expertist.tech/.../hiring-kitchen-helper-in-kuwait/
Source: Work Abroad 
_________________________________",1
"PTPA
URGENTLY HIRING 100Female Cleaners 23to38yrs Old Bound to KSA Fast Deploy We'll Help to Settle Other Expenses 💯% LEGIT",1
"👉URGENT! FAST DEPLOYMENT!
👉PASSPORT HOLDER, PASSPORT HOLDER
✈️QATAR
✈️KUWAIT
✈️BAHRAIN
✈️JORDAN
✅DH/Housemaid (23 to 45yoLD)
$400
*FEMALE applicants only
🔸NO PLACEMENT FEE!
🔸NO PROCESSING FEE!
🔸NO SALARY DEDUCTION!
🔸FREE MEDICAL,VACCINE,TESDA
Interested Applicants
Pm. Me
KEEP SAFE EVERYONE!🙂🙂🙂",1
"JM PLACEMENT AND RECRUITMENT AGENCY INC
NOW ACCEPTING:
NAIL TECHNICIAN BOUND TO OMAN.
220 RO/month salary
QUALIFICATIONS:
1 FEMALE
WITH PLEASING PERSONALITY
EX-ABROAD
23 TO 45 YEARS OLD
Serious and interested applicants may PM me to 09494484936 for more details. 
*BEWARE OF ILLEGAL RECRUITERS and HUMAN TRAFFICKERS
**for manpower pooling only",1
"#PTPA .Para sa mga OFW na nasa ibang bansa
Cno gusto mag CROSS COUNTRY.. PA DUBAI.🇦🇪
HOUSEMAID
COUPLE
LADY DRIVER
CAREGIVER
NANNY TUTOR
COOK
#FEMALE APPLICANT ONLY
#LEGIT PO ITO MGA MADAM.
PM SA INTRESADO..
MAS MABILIS KUNG CROSS COUNTRY TAAS PA SAHOD MO, MAS MAHIRAP KUNG GALING PINAS.. MATAGAL ANG PROCESS LIIT SAHOD",1
"CSV INTERNATIONAL PLACEMENT AGENCY INC
Address:RM. 1589-A2 Ramagi Compound, Pedro Gil street, Paco Manila
POEA LICENSE No. 143-LB-050416-R
Good day! Naghahanap po ako ng gustong magDomestic Helper/Housemaid sa QATAR&KUWAIT pwede na po kayo maginquire samin. 
Look for Jem Cabriza 09471950120 | Kerstie Nolasco 09218615117
Qualifications:
• FEMALE 23-45 years old
• Atleast Highschool Graduate
Requirements:
• CSV agency BioData (Biodata form provided by the agency)
• Passport  (sa Wala pang passport or Renewal na aplicante tutulungan po namin kayo makakuha)
•NBI (kung Wala pa pong NBI, tutulungan po namin kayo makakuha)
Mga maitutulong po namin:
° Meron po kaming 5k allowance sa bawat aplicante first timer man o Ex-abroad. 
° Free po ang lahat ng TRAINING (tesda,owwa,pdos).
° Free po ang lahat ng MEDICAL (phase 1 and Gamca/final medical).
° Walang Salary deduction.
° Walang Placement fee.
° Free po ang transportation papuntang Manila at mga Lakad na connected sa processo ng pagaapply (papuntang clinic,POEA,training centers,ETC).
° Free po ang Tirahan/accomodation kung Wala Kang Tirahan dito sa ManilaCity/QuezonCity at Free po Ang food habang nakatira ka sa libreng Tirahan/accomodation.",1
"Mga madam hanap mo ba ng trabaho abroad?Apply na po bilang DOMESTIC HELPER !(trusted&reliable agency,at mabilis ang process).
VIP/Educated/Good Employers.
👉QATAR 🇧🇭400USD ang Salary
👉KUWAIT🇰🇼 400USD ang Salary
💸with 6k allowance
💸plus 1200 refund ng passport
💸1500 upon report ibbgay
💸can loan up to 30k
💸with insurance
- 🆓️passport(basta may valid i.ds ka)
- 🆓️processing sa lahat ng documents
- 🆓️accommodation with free food
- 🆓️ airfare for Visayas and Mindanao applicants (one way)
- ❌NO salary deduction and other fees
Note:
Nkabackground check po ang mga employer at nkamonitor pa din kht deploy na.
PM na po😊",1
"Urgent Hiring bound to UAE,QATAR,KUWAIT & KSA. Apply now!
Jobs :
Email CV to: alfe@jobsglobal.net",1
Sa mga babae dyan 23 years old pataas na willing mag abroad just pm me directly All free…,1
"PTP po 
POEA licensed agency is in 
 URGENT NEED OF DOMESTIC HELPER bound to 
🇰🇼KUWAIT & 🇶🇦QATAR.
💸5 to 7k allowance
💸1,200 sa refund ng passport
💸1,500 ibigay agad pag report mo
💸400USD salary offer.
💸30 to 40k loan bago umalis(low interest)
🏠accommodation with free food and toiletries
✈fast deployment
🧕good records employer/vip/educated
APPPLY NA PO😊
pm  po for more more details.",1
"PTPA. Thank you! 
Urgent Hiring for Famous Burger Restaurant in KSA
Send your resume to: mae110@jobsglobal.net
For more details, contact 09973887216
Candidates must have working experience in Fast-food restaurants 
Ability to deliver top quality customer service and assistance
Ability to maintain composure during rush hours
Willing to work anywhere in KSA
With Valid Passport ",1
"DH Bound to KUWAIT, QATAR
23-40 yrs old
First timer or ex abroad are welcome
PASSPORT HOLDER
Free lahat
Pm me😊😊😊",1
"URGENT HIRING DH, LADY COOK, NANNY
Dubai
Qatar
Kuwait
Bahrain
Passport ready
23-45 years old",1
"‼HIRING‼
We are in need of 20 Domestic Workers for Royal Family bound to Qatar...
For Info just PM.
Thanks..😊",1
"URGENT HIRING DH, LADY COOK, NANNY BOUND TO
DUBAI
KUWAIT
OMAN
BAHRAIN
PASSPORT READY 
23-43 YEAR OLD",1
Urgent needed male or female all around beautician…,1
"Urgent Hiring
Female sewer (Embroidery)
Bound to Qatar
Passport holder
Ready visa
Dm for inquiries",1
"PTP..
💯% Legit
Urgent Hiring Dh bound to kuwait Qatar Jordan Malaysia Oman ready passport only.pm for applicants interested",1
Now hiring domestic helper bound to Kuwait Oman KSA PM for more details,1
"Urgently needed bound to Malaysia🇲🇾🇲🇾
✔domestic helper / first timer/ exabroad
Salary offer basic Rm1680 + Rm65 per off day  once nag trabaho  total montly salary is RM1940
24-43 years old ,passport holder
✔ In -house caregiver  basic salary offer  Rm2500 + RM65 pag nag work during rest day 
 Must have caregiver certificate ( NC 11)and with  experience.
🇲🇾 no salary deduction
🇲🇾 no placement/processing fee
🇲🇾 free food and accommodation while staying in philippine agency
🇲🇾 not free transportation from province to manila upon applying!
🇲🇾 how to apply?? Filled up muna ng online application form, together with passport copy and picture ,,once done  agency will conduct initial interview then wait nyo tawag ng employer for interview,,once selected saka lang po kau mag rereport sa agency for medical(free)
🇲🇾must have WhatsApp number ( employer's interview ay video call tru whatsapp
 For more info please send  a message on this  WhatsApp number
 🇲🇾+60 162285522",1
"Hiring Beautician
For female only!
Passport holder.
Bound to Saudi.",1
"We are hiring dh bound to Kuwait Qatar end Saudi Arabia 
May cash sa mga ready passport 
  We are legit agency pm for those interested…",1
"HIRING!!!
EMPLOYER - JOUD UNITED CO.
RIYADH SAUDI ARABIA
10 MALE HEAVY EQUIPMENT MECHANIC
QUALIFICATIONS:
25-45 YEARS OLD
2-3 YEARS OF  EXPERIENCE IN THE FIELD.
IF X- ABROAD MUST BE HAVE FINAL  EXIT.
DRIVING TO THE JOB SITE.
INSPECTING TRUCKS, CRANES, BULLDOZERS, AND OTHER HEAVY EQUIPMENT FOR PROPER PERFORMANCE.
DIAGNOSING FAULTS USING COMPUTERIZED TESTING EQUIPMENT.
ADJUSTING EQUIPMENT AND REPLACING
FAULTY PARTS.
REPAIRING DAMAGED EQUIPMENT PARTS.
CLEANING, LUBRICATING, AND CONDUCTING ROUTINE SERVICES ON HEAVY DUTY VEHICLES.
CLEANING AND SERVICING OF MACHINE
ATTACHMENTS  LIKE WINCHES,BLADES,AND SIDE BOOMS.
PERFORMING MAJOR REPAIR WORK WHEN NECESSARY.
CONSULTING WITH OTHERS MECHANICS ON SMALL JOBS.
REPORTING DAMAGED IF FAULTY EQUIPMENT TO MANAGEMENT.
10 MALE PROJECT MANAGER
QUALIFICATIONS:
24-45 YEARS OLD
AT LEAST 2 -5 YEARS EXPERIENCE IN THE FIELD
MUST BE GRADUATE AS CIVIL ENGINEERING LICENSE.
COORDINATING WITH CLIENT TO ENSURE THE DESIGN MEETS THEIR NEEDS AND SPECIFICATIONS.
SCHEDULING AND OVERSEEING CONSTRUCTION ACTIVITIES TO ENSURER THAT DEADLINE ARE MET.
MONITORING OROJECT BUDGETS TO ENSURE COSTS ARE WITHIN REASONABLE LIMITS.
REVIEWING PLANS FOR DESIGN FLAWS AND MAKING RECOMMENDATIONS FOR EMPROVEMENT.
MONITORING THE WORK OF ENGINEERS TO ENSURE THAT THEY ARE ADHERING TO INDUSTRY STANDARDS AND BEST PRACTICES.
PROVIDE TECHNICAL SUPPORT TO CONTRACTORS DURING THE CONSTRUCTION PHASE OF A PROJECT.
DEVELOPING PROJECT TIMELINESS, INCLUDING PHASES OF EMPLEMENTATION, COMPLETION DATES, AND MILESTONES ALONG THE WAY.
ASSISTING IN THE DEVELOPMENT OF BIDS FOR PROJECTS THAT MAYBE  PUT OUT TO BID BY CLIENTS.
ENSURING THAT ALL APPLICABLE LAWS AND REGULATIONS ARE FOLLOWED DURING CONSTRACTION.
FOR INTERESTED APPLICANT JUST DM/ PM ME FOR DETAILS",1
"Permission to post admin!
Job Opening sa New Zealand and Qatar, No Placement Fee and No Processing Fees, High School Graduate Acceptable! Accredited POEA Legit Agency!",1
"Open n Ang Saudi s mnga nagttnong Nung sarado ngyung open n Po pwede n Kyu line up Po dh couple
Hirring dn bound kwait dh caregiver saloon",1
QATAR 101 MOJO INT`L. CORPORATION EVOLUTION TRADING & MAINTENANCE WLL REGULAR ACCREDITATION TECHNICIAN AIRCONDITIONING,0
QATAR 101 MOJO INT`L. CORPORATION EVOLUTION TRADING & MAINTENANCE WLL REGULAR ACCREDITATION TECHNICIAN AIRCONDITIONING,0
QATAR 101 MOJO INT`L. CORPORATION FOUR PETS VETERINARY HOSPITAL/FOUR PETS VETERINARY CLINIC REGULAR ACCREDITATION ASSISTANT ADMIN,0
QATAR 101 MOJO INT`L. CORPORATION FOUR PETS VETERINARY HOSPITAL/FOUR PETS VETERINARY CLINIC REGULAR ACCREDITATION GROOMER PET,0
QATAR 101 MOJO INT`L. CORPORATION FOUR PETS VETERINARY HOSPITAL/FOUR PETS VETERINARY CLINIC REGULAR ACCREDITATION RECEPTIONIST FEMALE,0
FIJI 101 MOJO INT`L. CORPORATION GOLDEN OCEAN FISH PTE LIMITED REGULAR ACCREDITATION CHEF SUSHI,0
FIJI 101 MOJO INT`L. CORPORATION GOLDEN OCEAN FISH PTE LIMITED REGULAR ACCREDITATION ENGINEER PLANT,0
FIJI 101 MOJO INT`L. CORPORATION GOLDEN OCEAN FISH PTE LIMITED REGULAR ACCREDITATION MANAGER FISH PROCESSING,0
FIJI 101 MOJO INT`L. CORPORATION GOLDEN OCEAN FISH PTE LIMITED REGULAR ACCREDITATION SPECIALIST AQUACULTURE,0
UNITED ARAB EMIRATES 101 MOJO INT`L. CORPORATION HOME 360 TECHNICAL & CLEANING SERVICES LLC REGULAR ACCREDITATION WORKER CLEANING FEMALE,0
SAUDI ARABIA 101 MOJO INT`L. CORPORATION MUHANNAD ADEL BIN ABDUL RAHMAN AL OLAYAN CEMENT FACTORY/MOHANAD ADEL BIN ABDULRAHMAN AL OLAYAN CEMENT FACTORY REGULAR ACCREDITATION CHEF,0
SAUDI ARABIA 101 MOJO INT`L. CORPORATION ROYA FACTORY FOR FOOD PRODUCTS/ ROYA FACTORY FOR FOOD PRODUCTION REGULAR ACCREDITATION ENGINEER MALE,0
INDONESIA 101 MOJO INT`L. CORPORATION SEKOLAH VICTORY PLUS/YAYASAN PENDIDIKAN DAN BAHASA VICTORY REGULAR ACCREDITATION COORDINATOR PROGRAM,0
INDONESIA 101 MOJO INT`L. CORPORATION SEKOLAH VICTORY PLUS/YAYASAN PENDIDIKAN DAN BAHASA VICTORY REGULAR ACCREDITATION COUNSELOR,0
INDONESIA 101 MOJO INT`L. CORPORATION SEKOLAH VICTORY PLUS/YAYASAN PENDIDIKAN DAN BAHASA VICTORY REGULAR ACCREDITATION TEACHER CHEMISTRY SECONDARY,0
INDONESIA 101 MOJO INT`L. CORPORATION SEKOLAH VICTORY PLUS/YAYASAN PENDIDIKAN DAN BAHASA VICTORY REGULAR ACCREDITATION TEACHER COMPUTER STUDIES,0
INDONESIA 101 MOJO INT`L. CORPORATION SEKOLAH VICTORY PLUS/YAYASAN PENDIDIKAN DAN BAHASA VICTORY REGULAR ACCREDITATION TEACHER SECONDARY BIOLOGY,0
INDONESIA 101 MOJO INT`L. CORPORATION SEKOLAH VICTORY PLUS/YAYASAN PENDIDIKAN DAN BAHASA VICTORY REGULAR ACCREDITATION TEACHER SECONDARY ENGLISH,0
SAUDI ARABIA 101 MOJO INT`L. CORPORATION SPORT WAY TRADING CO REGULAR ACCREDITATION DESIGNER PRINTING,0
SAUDI ARABIA 101 MOJO INT`L. CORPORATION SPORT WAY TRADING CO REGULAR ACCREDITATION TAILOR SUIT,0
CROATIA 101 MOJO INT`L. CORPORATION STEELMONT DOO REGULAR ACCREDITATION FITTER,0
CROATIA 101 MOJO INT`L. CORPORATION STEELMONT DOO REGULAR ACCREDITATION GRINDERS,0
CROATIA 101 MOJO INT`L. CORPORATION STEELMONT DOO REGULAR ACCREDITATION WELDER,0
SAUDI ARABIA 101 MOJO INT`L. CORPORATION SWAN BEAUTY CENTER/SAWAN WOMAN CARE CENTER REGULAR ACCREDITATION HAIRDRESSER,0
CAYMAN ISLANDS 101 MOJO INT`L. CORPORATION TLC DISINFECTING & SANITIZATION SERVICES REGULAR ACCREDITATION DISINFECTANT WORKER,0
CAYMAN ISLANDS 101 MOJO INT`L. CORPORATION TLC DISINFECTING & SANITIZATION SERVICES REGULAR ACCREDITATION HELPER GENERAL,0
CAYMAN ISLANDS 101 MOJO INT`L. CORPORATION TLC DISINFECTING & SANITIZATION SERVICES REGULAR ACCREDITATION TECHNICIAN GENERAL,0
JAPAN 101 MOJO INT`L. CORPORATION UTECH CO LTD REGULAR ACCREDITATION DESIGNER WEB,0
JAPAN 101 MOJO INT`L. CORPORATION UTECH CO LTD REGULAR ACCREDITATION ENGINEER CONSTRUCTION,0
SAUDI ARABIA 1010 EPHESIANS HUMAN RESOURCES INC ABDULAZIZ SALEH A ALMETWAZI OFFICE/ABDULAZIZ SALEH ALMETWAZI RECRUITMENT OFFICE (BRANCH) REGULAR ACCREDITATION DRIVER FAMILY,0
SAUDI ARABIA 1010 EPHESIANS HUMAN RESOURCES INC ABDULAZIZ SALEH A ALMETWAZI OFFICE/ABDULAZIZ SALEH ALMETWAZI RECRUITMENT OFFICE (BRANCH) REGULAR ACCREDITATION NURSE HOUSE,0
SAUDI ARABIA 1010 EPHESIANS HUMAN RESOURCES INC ABDULAZIZ SALEH A ALMETWAZI OFFICE/ABDULAZIZ SALEH ALMETWAZI RECRUITMENT OFFICE (BRANCH) REGULAR ACCREDITATION WORKER HOUSEHOLD SERVICE,0
KUWAIT 1010 EPHESIANS HUMAN RESOURCES INC ABDULRAHMAN BARRAK ABDULMOHSEN ALBABTAIN GEN TRAD AND CONT CO REGULAR ACCREDITATION FLORIST,0
KUWAIT 1010 EPHESIANS HUMAN RESOURCES INC ABDULRAHMAN BARRAK ABDULMOHSEN ALBABTAIN GEN TRAD AND CONT CO REGULAR ACCREDITATION OFFICE BOY,0
SAUDI ARABIA 1010 EPHESIANS HUMAN RESOURCES INC AL HANA TRADING GROUP CO/ AL HANA TRADING GROUP COMPANY (RIYADH) REGULAR ACCREDITATION CLEANER PUBLIC BUILDING,0
SAUDI ARABIA 1010 EPHESIANS HUMAN RESOURCES INC AL HANA TRADING GROUP CO/ AL HANA TRADING GROUP COMPANY (RIYADH) REGULAR ACCREDITATION DISTRIBUTOR PATIENT FOOD,0
SAUDI ARABIA 1010 EPHESIANS HUMAN RESOURCES INC AL MOJEL TRADING & CONTRACTING COMPANY REGULAR ACCREDITATION LOADING AND UNLOADING ASSISTANT,0
KUWAIT 1010 EPHESIANS HUMAN RESOURCES INC AL MUDHAF & AL KULAIB GROUP RESTAURANT MANAGEMENT/ALMUDHAF & ALKULAIB GROUP REGULAR ACCREDITATION WAITER,0
KUWAIT 1010 EPHESIANS HUMAN RESOURCES INC AL MUDHAF & AL KULAIB GROUP RESTAURANT MANAGEMENT/ALMUDHAF & ALKULAIB GROUP REGULAR ACCREDITATION WAITRESS,0
SAUDI ARABIA 1010 EPHESIANS HUMAN RESOURCES INC AL ORUBAH RECRUITMENT OFFICE / ALORUBAH RECRUITMENT OFFICE REGULAR ACCREDITATION DRIVER FAMILY,0
SAUDI ARABIA 1010 EPHESIANS HUMAN RESOURCES INC AL ORUBAH RECRUITMENT OFFICE / ALORUBAH RECRUITMENT OFFICE REGULAR ACCREDITATION WORKER HOUSEHOLD SERVICE,0
KUWAIT 1010 EPHESIANS HUMAN RESOURCES INC AL SALAM EST FOR RECRUITING DOMESTIC MANPOWER/AL SALAM EST FOR RECRUITMENT OF DOMESTIC MANPOWER/AL SALAM ESTABLISHMENT FOR RECRUITMENT OF DOMESTIC MANPOWER REGULAR ACCREDITATION WORKER DOMESTIC,0
KUWAIT 1010 EPHESIANS HUMAN RESOURCES INC AL SALAM HOSPITAL/AL SALAM HOSPITAL COMPANY/AL SALAM INTERNATIONAL HOSPITAL REGULAR ACCREDITATION NURSE FEMALE,0
KUWAIT 1010 EPHESIANS HUMAN RESOURCES INC AL SALAM HOSPITAL/AL SALAM HOSPITAL COMPANY/AL SALAM INTERNATIONAL HOSPITAL REGULAR ACCREDITATION NURSE MALE,0
KUWAIT 1010 EPHESIANS HUMAN RESOURCES INC AL SALAM HOSPITAL/AL SALAM HOSPITAL COMPANY/AL SALAM INTERNATIONAL HOSPITAL REGULAR ACCREDITATION TECHNICIAN LABORATORY,0
KUWAIT 1010 EPHESIANS HUMAN RESOURCES INC AL SALAM HOSPITAL/AL SALAM HOSPITAL COMPANY/AL SALAM INTERNATIONAL HOSPITAL REGULAR ACCREDITATION TECHNICIAN RADIOLOGY,0
KUWAIT 1010 EPHESIANS HUMAN RESOURCES INC AL SHAMIYA ESTABLISHMENTFOR RECRUITMENT OF DOMESTIC MANPOWER REGULAR ACCREDITATION WORKER DOMESTIC,0
KUWAIT 1010 EPHESIANS HUMAN RESOURCES INC AL TAMAYOUZ EST FOR RECRUITMENT OF DOMESTIC MANPOWER REGULAR ACCREDITATION SECRETARY,0
KUWAIT 1010 EPHESIANS HUMAN RESOURCES INC AL TAMAYOUZ EST FOR RECRUITMENT OF DOMESTIC MANPOWER REGULAR ACCREDITATION WORKER DOMESTIC,0
KUWAIT 1010 EPHESIANS HUMAN RESOURCES INC AL TAMAYOUZ EST FOR RECRUITMENT OF DOMESTIC MANPOWER REGULAR ACCREDITATION WORKER DOMESTIC,0
KUWAIT 1010 EPHESIANS HUMAN RESOURCES INC AL ZAHEM & MALHUTRA GEN TRDG CO WLL REGULAR ACCREDITATION CLERK DATA ENTRY,0
KUWAIT 1010 EPHESIANS HUMAN RESOURCES INC ALHASAWI CLINIC REGULAR ACCREDITATION NURSE FEMALE,0
UNITED ARAB EMIRATES 1010 EPHESIANS HUMAN RESOURCES INC ALREAYA FOR DOMESTIC WORKERS SERVICES/TAD-BEER REGULAR ACCREDITATION BABYSITTER,0
UNITED ARAB EMIRATES 1010 EPHESIANS HUMAN RESOURCES INC ALREAYA FOR DOMESTIC WORKERS SERVICES/TAD-BEER REGULAR ACCREDITATION COOK FAMILY,0
UNITED ARAB EMIRATES 1010 EPHESIANS HUMAN RESOURCES INC ALREAYA FOR DOMESTIC WORKERS SERVICES/TAD-BEER REGULAR ACCREDITATION DRIVER FAMILY,0
UNITED ARAB EMIRATES 1010 EPHESIANS HUMAN RESOURCES INC ALREAYA FOR DOMESTIC WORKERS SERVICES/TAD-BEER REGULAR ACCREDITATION HOUSEMAID,0
UNITED ARAB EMIRATES 1010 EPHESIANS HUMAN RESOURCES INC ALTAQADOM FOR EMPLOYMENT SERVICES REGULAR ACCREDITATION BABYSITTER HOUSE,0
UNITED ARAB EMIRATES 1010 EPHESIANS HUMAN RESOURCES INC ALTAQADOM FOR EMPLOYMENT SERVICES REGULAR ACCREDITATION COOK HOUSE,0
UNITED ARAB EMIRATES 1010 EPHESIANS HUMAN RESOURCES INC ALTAQADOM FOR EMPLOYMENT SERVICES REGULAR ACCREDITATION DRIVER PRIVATE,0
UNITED ARAB EMIRATES 1010 EPHESIANS HUMAN RESOURCES INC ALTAQADOM FOR EMPLOYMENT SERVICES REGULAR ACCREDITATION WORKER DOMESTIC,0
KUWAIT 1010 EPHESIANS HUMAN RESOURCES INC ANJAM EST FOR ELECTRONIC & ELECTRICAL DEVICES & REPAIR REGULAR ACCREDITATION SALESMAN,0
SAUDI ARABIA 1010 EPHESIANS HUMAN RESOURCES INC ASDA AL SIHA CENTER FOR PHYSIOTHERAPY/ ASDA AL SIHA CENTER REGULAR ACCREDITATION PHYSIOTHERAPIST FEMALE,0
KUWAIT 1010 EPHESIANS HUMAN RESOURCES INC ATAA CATERING CO REGULAR ACCREDITATION SALES ASSOCIATE,0
SAUDI ARABIA 1010 EPHESIANS HUMAN RESOURCES INC AURA FITNESS CENTERS/AURA FITNESS CENTER FOR LADIES REGULAR ACCREDITATION FEMALE COFFEE MAKER,0
SAUDI ARABIA 1010 EPHESIANS HUMAN RESOURCES INC AURA FITNESS CENTERS/AURA FITNESS CENTER FOR LADIES REGULAR ACCREDITATION FEMALE COFFEE MAKER/FEMALE HEAD SUPERVISOR,0
SAUDI ARABIA 1010 EPHESIANS HUMAN RESOURCES INC AURA FITNESS CENTERS/AURA FITNESS CENTER FOR LADIES REGULAR ACCREDITATION LIFEGUARD FEMALE,0
KUWAIT 1010 EPHESIANS HUMAN RESOURCES INC BLEND BURGER RESTAURANT/BLEND/BLEND HAND CRAFTED BURGER/BLEND BURGER MANAGE REGULAR ACCREDITATION WAITER,0
KUWAIT 1010 EPHESIANS HUMAN RESOURCES INC BRAND BEAUTY NAILS LADIES BEAUTY SALON CO REGULAR ACCREDITATION MANICURIST,0
UNITED ARAB EMIRATES 1010 EPHESIANS HUMAN RESOURCES INC CHAPS BARBERS MENS PERSONAL CARE LLC/CHAPS & CO REGULAR ACCREDITATION BARBER,0
SAUDI ARABIA 1010 EPHESIANS HUMAN RESOURCES INC CODE PRESTIGIOUS FOR TRADING EST BRANCH REGULAR ACCREDITATION WORKER INSULATION,0
KUWAIT 1010 EPHESIANS HUMAN RESOURCES INC COLLINS AVENUE CO FOR LADIES HEALTH INSTITUTE & BEAUTY SALON REGULAR ACCREDITATION BEAUTICIAN HAIR,0
KUWAIT 1010 EPHESIANS HUMAN RESOURCES INC COLLINS AVENUE CO FOR LADIES HEALTH INSTITUTE & BEAUTY SALON REGULAR ACCREDITATION MANAGER STORE,0
KUWAIT 1010 EPHESIANS HUMAN RESOURCES INC COLLINS AVENUE CO FOR LADIES HEALTH INSTITUTE & BEAUTY SALON REGULAR ACCREDITATION RECEPTIONIST FEMALE,0
KUWAIT 1010 EPHESIANS HUMAN RESOURCES INC COLLINS AVENUE CO FOR LADIES HEALTH INSTITUTE & BEAUTY SALON REGULAR ACCREDITATION SPECIALIST HAIR FEMALE,0
KUWAIT 1010 EPHESIANS HUMAN RESOURCES INC COLLINS AVENUE CO FOR LADIES HEALTH INSTITUTE & BEAUTY SALON REGULAR ACCREDITATION TECHNICIAN NAIL (FEMALE),0
HONG KONG 1010 EPHESIANS HUMAN RESOURCES INC CONCORDE PROFESSIONAL EMPLOYMENT SERVICE CENTRE REGULAR ACCREDITATION DOMESTIC HELPER,0
SAUDI ARABIA 1010 EPHESIANS HUMAN RESOURCES INC CREATIVE HANDS RECRUITMENT OFFICE REGULAR ACCREDITATION DRIVER PRIVATE,0
SAUDI ARABIA 1010 EPHESIANS HUMAN RESOURCES INC CREATIVE HANDS RECRUITMENT OFFICE REGULAR ACCREDITATION DRIVER PRIVATE,0
SAUDI ARABIA 1010 EPHESIANS HUMAN RESOURCES INC CREATIVE HANDS RECRUITMENT OFFICE REGULAR ACCREDITATION DRIVER PRIVATE,0
SAUDI ARABIA 1010 EPHESIANS HUMAN RESOURCES INC CREATIVE HANDS RECRUITMENT OFFICE REGULAR ACCREDITATION HOUSEBOY,0
SAUDI ARABIA 1010 EPHESIANS HUMAN RESOURCES INC CREATIVE HANDS RECRUITMENT OFFICE REGULAR ACCREDITATION WORKER HOUSEHOLD SERVICE,0
SAUDI ARABIA 1010 EPHESIANS HUMAN RESOURCES INC CREATIVE HANDS RECRUITMENT OFFICE REGULAR ACCREDITATION WORKER HOUSEHOLD SERVICE,0
SAUDI ARABIA 1010 EPHESIANS HUMAN RESOURCES INC CREATIVE HANDS RECRUITMENT OFFICE REGULAR ACCREDITATION WORKER HOUSEHOLD SERVICE,0
SAUDI ARABIA 1010 EPHESIANS HUMAN RESOURCES INC CREATIVE HANDS RECRUITMENT OFFICE REGULAR ACCREDITATION WORKER HOUSEHOLD SERVICE,0
SAUDI ARABIA 1010 EPHESIANS HUMAN RESOURCES INC CREATIVE HANDS RECRUITMENT OFFICE REGULAR ACCREDITATION WORKER HOUSEHOLD SERVICE,0
KUWAIT 1010 EPHESIANS HUMAN RESOURCES INC DAR SINIAR RESTAURANT AND CAFE CO/ DAAR SINIAR RESTAURANT AND CAFE REGULAR ACCREDITATION COOK,0
KUWAIT 1010 EPHESIANS HUMAN RESOURCES INC DAR SINIAR RESTAURANT AND CAFE CO/ DAAR SINIAR RESTAURANT AND CAFE REGULAR ACCREDITATION WAITRESS,0
KUWAIT 1010 EPHESIANS HUMAN RESOURCES INC DARWASA EST FOR THE RECRUITMENT OF DOMESTIC WORKERS/DARWAZA EST FOR RECRUITMENT OF DOMESTIC WORKERS/DARWASA ESTABLISHMENT FOR RECRUITMENT OF DOMESTIC MANPOWER REGULAR ACCREDITATION WORKER DOMESTIC,0
OMAN 1010 EPHESIANS HUMAN RESOURCES INC DEESA TRADING MANPOWER RECRUITMENT DIV. REGULAR ACCREDITATION WORKER DOMESTIC,0
OMAN 1010 EPHESIANS HUMAN RESOURCES INC DIAMOND STAR MANPOWER RECRUITING REGULAR ACCREDITATION HOUSEMAID,0
KUWAIT 1010 EPHESIANS HUMAN RESOURCES INC EUROSAT GEN TRADING & CONTRACTING ESTABLISHMENT REGULAR ACCREDITATION VENDOR,0
KUWAIT 1010 EPHESIANS HUMAN RESOURCES INC FAISAL AL RASHEED GENERAL TRADING AND CONTRACTING GROUP CO WLL REGULAR ACCREDITATION SALES ASSOCIATE,0
SAUDI ARABIA 1010 EPHESIANS HUMAN RESOURCES INC FALAH MEDICAL COMPLEX / FALAH POLYCLINICS REGULAR ACCREDITATION NURSE STAFF,0
KUWAIT 1010 EPHESIANS HUMAN RESOURCES INC FAMILY CARE CENTER REGULAR ACCREDITATION SALES ASSOCIATE,0
OMAN 1010 EPHESIANS HUMAN RESOURCES INC FIRST CHOICE MANPOWER SUPPLY / ALEKHTIAR ALAWAL FOR BRINGING MANPOWER REGULAR ACCREDITATION CLEANER,0
OMAN 1010 EPHESIANS HUMAN RESOURCES INC FIRST CHOICE MANPOWER SUPPLY / ALEKHTIAR ALAWAL FOR BRINGING MANPOWER REGULAR ACCREDITATION DRIVER,0
OMAN 1010 EPHESIANS HUMAN RESOURCES INC FIRST CHOICE MANPOWER SUPPLY / ALEKHTIAR ALAWAL FOR BRINGING MANPOWER REGULAR ACCREDITATION ELECTRICIAN,0
OMAN 1010 EPHESIANS HUMAN RESOURCES INC FIRST CHOICE MANPOWER SUPPLY / ALEKHTIAR ALAWAL FOR BRINGING MANPOWER REGULAR ACCREDITATION HOUSEBOY,0
OMAN 1010 EPHESIANS HUMAN RESOURCES INC FIRST CHOICE MANPOWER SUPPLY / ALEKHTIAR ALAWAL FOR BRINGING MANPOWER REGULAR ACCREDITATION MAINTENANCE MECHANIC GENERAL,0
OMAN 1010 EPHESIANS HUMAN RESOURCES INC FIRST CHOICE MANPOWER SUPPLY / ALEKHTIAR ALAWAL FOR BRINGING MANPOWER REGULAR ACCREDITATION MANAGER,0
OMAN 1010 EPHESIANS HUMAN RESOURCES INC FIRST CHOICE MANPOWER SUPPLY / ALEKHTIAR ALAWAL FOR BRINGING MANPOWER REGULAR ACCREDITATION MECHANIC HYDRAULIC,0
OMAN 1010 EPHESIANS HUMAN RESOURCES INC FIRST CHOICE MANPOWER SUPPLY / ALEKHTIAR ALAWAL FOR BRINGING MANPOWER REGULAR ACCREDITATION MECHANIC LIGHT VEHICLE,0
OMAN 1010 EPHESIANS HUMAN RESOURCES INC FIRST CHOICE MANPOWER SUPPLY / ALEKHTIAR ALAWAL FOR BRINGING MANPOWER REGULAR ACCREDITATION MECHANIC MAINTENANCE (GENERAL),0
OMAN 1010 EPHESIANS HUMAN RESOURCES INC FIRST CHOICE MANPOWER SUPPLY / ALEKHTIAR ALAWAL FOR BRINGING MANPOWER REGULAR ACCREDITATION MOTOR VEHICLES ELECTRICIAN GENERAL,0
OMAN 1010 EPHESIANS HUMAN RESOURCES INC FIRST CHOICE MANPOWER SUPPLY / ALEKHTIAR ALAWAL FOR BRINGING MANPOWER REGULAR ACCREDITATION PAINTER VEHICLE,0
OMAN 1010 EPHESIANS HUMAN RESOURCES INC FIRST CHOICE MANPOWER SUPPLY / ALEKHTIAR ALAWAL FOR BRINGING MANPOWER REGULAR ACCREDITATION SECRETARY,0
OMAN 1010 EPHESIANS HUMAN RESOURCES INC FIRST CHOICE MANPOWER SUPPLY / ALEKHTIAR ALAWAL FOR BRINGING MANPOWER REGULAR ACCREDITATION WORKER HOUSEHOLD SERVICE,0
KUWAIT 1010 EPHESIANS HUMAN RESOURCES INC FLOWERY HOLIDAYS SUITE/ FLOWERY HOLIDAYS SUITES HOTELS & APARTMENTS REGULAR ACCREDITATION CLEANER FEMALE,0
KUWAIT 1010 EPHESIANS HUMAN RESOURCES INC FLOWERY HOLIDAYS SUITE/ FLOWERY HOLIDAYS SUITES HOTELS & APARTMENTS REGULAR ACCREDITATION CLEANER MALE,0
KUWAIT 1010 EPHESIANS HUMAN RESOURCES INC GUAVA & APRICOT JUICE BAR & CAFE/ GUAVA AND APRICOT COMPANY FOR LIGHT FOODS REGULAR ACCREDITATION PREPARER,0
KUWAIT 1010 EPHESIANS HUMAN RESOURCES INC GUAVA & APRICOT JUICE BAR & CAFE/ GUAVA AND APRICOT COMPANY FOR LIGHT FOODS REGULAR ACCREDITATION VENDOR,0
KUWAIT 1010 EPHESIANS HUMAN RESOURCES INC HAMAD QANNAS ALNAMRAN OFFICE FOR RECRUITMENT OF DOMESTIC MANPOWER REGULAR ACCREDITATION DRIVER DOMESTIC,0
KUWAIT 1010 EPHESIANS HUMAN RESOURCES INC HAMAD QANNAS ALNAMRAN OFFICE FOR RECRUITMENT OF DOMESTIC MANPOWER REGULAR ACCREDITATION WORKER DOMESTIC,0
KUWAIT 1010 EPHESIANS HUMAN RESOURCES INC HORSE POWER SHOP CO FOR CARS SPARE PARTS & ACCESSORIES REGULAR ACCREDITATION SALESMAN,0
SAUDI ARABIA 1010 EPHESIANS HUMAN RESOURCES INC HTOUN ALKHIR RECRUITMENT OFFICE/HTOUN AL-KHIR RECRUITMENT OFFICE REGULAR ACCREDITATION DRIVER FAMILY,0
SAUDI ARABIA 1010 EPHESIANS HUMAN RESOURCES INC HTOUN ALKHIR RECRUITMENT OFFICE/HTOUN AL-KHIR RECRUITMENT OFFICE REGULAR ACCREDITATION WORKER HOUSEHOLD SERVICE,0
SAUDI ARABIA 1010 EPHESIANS HUMAN RESOURCES INC HTOUN ALKHIR RECRUITMENT OFFICE/HTOUN AL-KHIR RECRUITMENT OFFICE REGULAR ACCREDITATION WORKER HOUSEHOLD SERVICE,0
KUWAIT 1010 EPHESIANS HUMAN RESOURCES INC HUE GENERAL TRADING COMPANY REGULAR ACCREDITATION FLORIST,0
SINGAPORE 1010 EPHESIANS HUMAN RESOURCES INC INTERHELP AGENCY REGULAR ACCREDITATION WORKER DOMESTIC,0
SINGAPORE 1010 EPHESIANS HUMAN RESOURCES INC JAYYNE EMPLOYMENT AGENCIES REGULAR ACCREDITATION DOMESTIC HELPER,0
LITHUANIA 1010 EPHESIANS HUMAN RESOURCES INC JSC NOSTRADA REGULAR ACCREDITATION DRIVER TRUCK,0
SAUDI ARABIA 1010 EPHESIANS HUMAN RESOURCES INC KING FAHAD ARMED FORCES HOSPITAL MODA KHAMIS MUSHAYT REGULAR ACCREDITATION HOUSEKEEPER,0
SAUDI ARABIA 1010 EPHESIANS HUMAN RESOURCES INC KING FAHAD ARMED FORCES HOSPITAL MODA KHAMIS MUSHAYT REGULAR ACCREDITATION NURSE,0
SAUDI ARABIA 1010 EPHESIANS HUMAN RESOURCES INC KING FAHD ARMED FORCES HOSPITAL/ MINISTRY OF DEFENSE MEDICAL SERVICES DIVIS REGULAR ACCREDITATION LABORER FEMALE,0
SAUDI ARABIA 1010 EPHESIANS HUMAN RESOURCES INC KING FAHD ARMED FORCES HOSPITAL/ MINISTRY OF DEFENSE MEDICAL SERVICES DIVIS REGULAR ACCREDITATION LABORER MALE,0
"JJ Offshore Services, Inc.
2nd floor & 3rd floor, block 1 lot 8 Royal Square, Protacio St., Corner Zamora St., Pasay City
Tel No. 823-2034 | 823-1271 | Cell No 09157980161 | 09338596736

HIRING
Medic with HAAT Certificate
Vessel Type: MPSV
License:Doctor/Nurse
Contract: 3 months
Area: UAE

Should be vaccinated with either
Moderna/Pfizer/Johnson&Johndson/Sinopharm/Astrazenica(Coveshield)

Please e-mail your resume: jjos_operations@hotmail.com",0
"-PERMISSI0N T0 P0ST ADMIN-
>-URGENT HIRING-<
FAST DEPL0YMENT
LIBRE!!! PASSP0RT
LIBRE!!! PASSP0RT
LIBRE!!! PASSP0RT
-TRABAH0 SA ABR0AD-
D0MESTIC HELPER- (23-45years old) b0und to SAUDI, OMAN,J0RDAN,QATAR,KUWAIT
BABY SITTER (23-45yrs old)
Bound to SAUDI
CAREGIVER b0und to QATAR
-FAMILY DRIVER MALE-
(23- 39 YEARSOLD)
Bound to SAUDI
-C0UPLE DH & FAMILY DRIVER b0und t0 saudi
FREE PASSP0RT AND FREE ALL para lang sa  DH AT BABY SITTER
*refundable passport for those who have*
*LIBRE PASSP0RT SA MGA WALA PA* 
>WALANG PLACEMENT FEE
>WALANG SALARY DEDUCTION
>LIBRE ACCOMODATION
>LIBRE FOOD WHILE IN ACCOMODATION
>LIBRE PAMASAHE GALING PROBINSYA
>LIBRE MEDICAL 
>LIBRE TRAINING SA TESDA/OWWA/ PDOS 
SALARY(SWELD0): 400USD 18-19K PES0S 
SA MGA INTERESAD0NG
APPLIKANTE IADD SA FB AT IMSG SI MS.RUBILYN MARQUEZ TACCAD 
-AGENCY NAME-
HAPPY WORLD HUMAN RESOURCE AND RECRUITMENT AGENCY (Suite 807 Ermita
Center Building, Roxas Boulevard Ermita Manila Corner.Sta.Monica St)
-P0EA LICENCE NUMBER- (POEA-047-LB-022812-R)
-WEBSITE- https://www.facebook.com/happyworldrecruitment/?fref=ts
 C0NTAKIN SI : RUBILYN MARQUEZ TACCAD-
CELP0N# 09283920742/ 09053118363
-EMAIL ADDRESS-
happyworldrecruitment@gmail.com 
Happy World Human Resource and Recruitment Agency,Inc., - with Rubie
Marquez Taccad and Rubilyn Marquez",0
